Datetime,Info
2024-05-27 22:24:00,start-inf-cp-r0.1-lay[63]-ind1
2024-05-27 22:30:25,end-inf-cp-r0.1-lay[63]-ind1
2024-05-27 22:32:00,start-inf-cp-r0.1-lay[63]-ind2
2024-05-27 22:38:25,end-inf-cp-r0.1-lay[63]-ind2
2024-05-27 22:40:00,start-inf-cp-r0.1-lay[63]-ind3
2024-05-27 22:46:26,end-inf-cp-r0.1-lay[63]-ind3
2024-05-27 22:48:00,start-inf-cp-r0.2-lay[63]-ind1
2024-05-27 22:54:27,end-inf-cp-r0.2-lay[63]-ind1
2024-05-27 22:56:00,start-inf-cp-r0.2-lay[63]-ind2
2024-05-27 23:02:27,end-inf-cp-r0.2-lay[63]-ind2
2024-05-27 23:04:00,start-inf-cp-r0.2-lay[63]-ind3
2024-05-27 23:10:27,end-inf-cp-r0.2-lay[63]-ind3
2024-05-27 23:12:00,start-inf-cp-r0.3-lay[63]-ind1
2024-05-27 23:19:19,end-inf-cp-r0.3-lay[63]-ind1
2024-05-27 23:21:00,start-inf-cp-r0.3-lay[63]-ind2
2024-05-27 23:28:20,end-inf-cp-r0.3-lay[63]-ind2
2024-05-27 23:30:00,start-inf-cp-r0.3-lay[63]-ind3
2024-05-27 23:37:20,end-inf-cp-r0.3-lay[63]-ind3
2024-05-27 23:39:00,start-inf-cp-r0.4-lay[63]-ind1
2024-05-27 23:45:55,end-inf-cp-r0.4-lay[63]-ind1
2024-05-27 23:47:00,start-inf-cp-r0.4-lay[63]-ind2
2024-05-27 23:53:56,end-inf-cp-r0.4-lay[63]-ind2
2024-05-27 23:55:00,start-inf-cp-r0.4-lay[63]-ind3
2024-05-28 00:01:54,end-inf-cp-r0.4-lay[63]-ind3
2024-05-28 00:03:00,start-inf-cp-r0.5-lay[63]-ind1
2024-05-28 00:10:09,end-inf-cp-r0.5-lay[63]-ind1
2024-05-28 00:12:00,start-inf-cp-r0.5-lay[63]-ind2
2024-05-28 00:19:09,end-inf-cp-r0.5-lay[63]-ind2
2024-05-28 00:21:00,start-inf-cp-r0.5-lay[63]-ind3
2024-05-28 00:28:08,end-inf-cp-r0.5-lay[63]-ind3
2024-05-28 00:30:00,start-inf-cp-r0.6-lay[63]-ind1
2024-05-28 00:37:24,end-inf-cp-r0.6-lay[63]-ind1
2024-05-28 00:39:00,start-inf-cp-r0.6-lay[63]-ind2
2024-05-28 00:46:24,end-inf-cp-r0.6-lay[63]-ind2
2024-05-28 00:48:00,start-inf-cp-r0.6-lay[63]-ind3
2024-05-28 00:55:25,end-inf-cp-r0.6-lay[63]-ind3
2024-05-28 00:57:00,start-inf-cp-r0.7-lay[63]-ind1
2024-05-28 01:04:37,end-inf-cp-r0.7-lay[63]-ind1
2024-05-28 01:06:00,start-inf-cp-r0.7-lay[63]-ind2
2024-05-28 01:13:36,end-inf-cp-r0.7-lay[63]-ind2
2024-05-28 01:15:00,start-inf-cp-r0.7-lay[63]-ind3
2024-05-28 01:22:38,end-inf-cp-r0.7-lay[63]-ind3
2024-05-28 01:24:00,start-inf-cp-r0.8-lay[63]-ind1
2024-05-28 01:31:52,end-inf-cp-r0.8-lay[63]-ind1
2024-05-28 01:33:00,start-inf-cp-r0.8-lay[63]-ind2
2024-05-28 01:40:51,end-inf-cp-r0.8-lay[63]-ind2
2024-05-28 01:42:00,start-inf-cp-r0.8-lay[63]-ind3
2024-05-28 01:49:52,end-inf-cp-r0.8-lay[63]-ind3
2024-05-28 01:51:00,start-inf-cp-r0.9-lay[63]-ind1
2024-05-28 01:59:07,end-inf-cp-r0.9-lay[63]-ind1
2024-05-28 02:01:00,start-inf-cp-r0.9-lay[63]-ind2
2024-05-28 02:09:07,end-inf-cp-r0.9-lay[63]-ind2
2024-05-28 02:11:00,start-inf-cp-r0.9-lay[63]-ind3
2024-05-28 02:19:07,end-inf-cp-r0.9-lay[63]-ind3
2024-05-28 02:21:00,start-inf-cp-r0.1-lay[57]-ind1
2024-05-28 02:27:24,end-inf-cp-r0.1-lay[57]-ind1
2024-05-28 02:29:00,start-inf-cp-r0.1-lay[57]-ind2
2024-05-28 02:35:25,end-inf-cp-r0.1-lay[57]-ind2
2024-05-28 02:37:00,start-inf-cp-r0.1-lay[57]-ind3
2024-05-28 02:43:23,end-inf-cp-r0.1-lay[57]-ind3
2024-05-28 02:45:00,start-inf-cp-r0.2-lay[57]-ind1
2024-05-28 02:51:31,end-inf-cp-r0.2-lay[57]-ind1
2024-05-28 02:53:00,start-inf-cp-r0.2-lay[57]-ind2
2024-05-28 02:59:31,end-inf-cp-r0.2-lay[57]-ind2
2024-05-28 03:01:00,start-inf-cp-r0.2-lay[57]-ind3
2024-05-28 03:07:30,end-inf-cp-r0.2-lay[57]-ind3
2024-05-28 03:09:00,start-inf-cp-r0.3-lay[57]-ind1
2024-05-28 03:15:31,end-inf-cp-r0.3-lay[57]-ind1
2024-05-28 03:17:00,start-inf-cp-r0.3-lay[57]-ind2
2024-05-28 03:23:31,end-inf-cp-r0.3-lay[57]-ind2
2024-05-28 03:25:00,start-inf-cp-r0.3-lay[57]-ind3
2024-05-28 03:31:32,end-inf-cp-r0.3-lay[57]-ind3
2024-05-28 03:33:00,start-inf-cp-r0.4-lay[57]-ind1
2024-05-28 03:39:33,end-inf-cp-r0.4-lay[57]-ind1
2024-05-28 03:41:00,start-inf-cp-r0.4-lay[57]-ind2
2024-05-28 03:47:33,end-inf-cp-r0.4-lay[57]-ind2
2024-05-28 03:49:00,start-inf-cp-r0.4-lay[57]-ind3
2024-05-28 03:55:33,end-inf-cp-r0.4-lay[57]-ind3
2024-05-28 03:57:00,start-inf-cp-r0.5-lay[57]-ind1
2024-05-28 04:03:34,end-inf-cp-r0.5-lay[57]-ind1
2024-05-28 04:05:00,start-inf-cp-r0.5-lay[57]-ind2
2024-05-28 04:11:35,end-inf-cp-r0.5-lay[57]-ind2
2024-05-28 04:13:00,start-inf-cp-r0.5-lay[57]-ind3
2024-05-28 04:19:34,end-inf-cp-r0.5-lay[57]-ind3
2024-05-28 04:21:00,start-inf-cp-r0.6-lay[57]-ind1
2024-05-28 04:27:35,end-inf-cp-r0.6-lay[57]-ind1
2024-05-28 04:29:00,start-inf-cp-r0.6-lay[57]-ind2
2024-05-28 04:35:35,end-inf-cp-r0.6-lay[57]-ind2
2024-05-28 04:37:00,start-inf-cp-r0.6-lay[57]-ind3
2024-05-28 04:43:35,end-inf-cp-r0.6-lay[57]-ind3
2024-05-28 04:45:00,start-inf-cp-r0.7-lay[57]-ind1
2024-05-28 04:51:36,end-inf-cp-r0.7-lay[57]-ind1
2024-05-28 04:53:00,start-inf-cp-r0.7-lay[57]-ind2
2024-05-28 04:59:36,end-inf-cp-r0.7-lay[57]-ind2
2024-05-28 05:01:00,start-inf-cp-r0.7-lay[57]-ind3
2024-05-28 05:07:37,end-inf-cp-r0.7-lay[57]-ind3
2024-05-28 05:09:00,start-inf-cp-r0.8-lay[57]-ind1
2024-05-28 05:15:37,end-inf-cp-r0.8-lay[57]-ind1
2024-05-28 05:17:00,start-inf-cp-r0.8-lay[57]-ind2
2024-05-28 05:23:38,end-inf-cp-r0.8-lay[57]-ind2
2024-05-28 05:25:00,start-inf-cp-r0.8-lay[57]-ind3
2024-05-28 05:31:38,end-inf-cp-r0.8-lay[57]-ind3
2024-05-28 05:33:00,start-inf-cp-r0.9-lay[57]-ind1
2024-05-28 05:39:39,end-inf-cp-r0.9-lay[57]-ind1
2024-05-28 05:41:00,start-inf-cp-r0.9-lay[57]-ind2
2024-05-28 05:47:39,end-inf-cp-r0.9-lay[57]-ind2
2024-05-28 05:49:00,start-inf-cp-r0.9-lay[57]-ind3
2024-05-28 05:55:40,end-inf-cp-r0.9-lay[57]-ind3
2024-05-28 05:57:00,start-inf-cp-r0.1-lay[51]-ind1
2024-05-28 06:03:31,end-inf-cp-r0.1-lay[51]-ind1
2024-05-28 06:05:00,start-inf-cp-r0.1-lay[51]-ind2
2024-05-28 06:11:29,end-inf-cp-r0.1-lay[51]-ind2
2024-05-28 06:13:00,start-inf-cp-r0.1-lay[51]-ind3
2024-05-28 06:19:30,end-inf-cp-r0.1-lay[51]-ind3
2024-05-28 06:21:00,start-inf-cp-r0.2-lay[51]-ind1
2024-05-28 06:27:44,end-inf-cp-r0.2-lay[51]-ind1
2024-05-28 06:29:00,start-inf-cp-r0.2-lay[51]-ind2
2024-05-28 06:35:45,end-inf-cp-r0.2-lay[51]-ind2
2024-05-28 06:37:00,start-inf-cp-r0.2-lay[51]-ind3
2024-05-28 06:43:44,end-inf-cp-r0.2-lay[51]-ind3
2024-05-28 06:45:00,start-inf-cp-r0.3-lay[51]-ind1
2024-05-28 06:51:46,end-inf-cp-r0.3-lay[51]-ind1
2024-05-28 06:53:00,start-inf-cp-r0.3-lay[51]-ind2
2024-05-28 06:59:47,end-inf-cp-r0.3-lay[51]-ind2
2024-05-28 07:01:00,start-inf-cp-r0.3-lay[51]-ind3
2024-05-28 07:07:47,end-inf-cp-r0.3-lay[51]-ind3
2024-05-28 07:09:00,start-inf-cp-r0.4-lay[51]-ind1
2024-05-28 07:16:15,end-inf-cp-r0.4-lay[51]-ind1
2024-05-28 07:18:00,start-inf-cp-r0.4-lay[51]-ind2
2024-05-28 07:25:14,end-inf-cp-r0.4-lay[51]-ind2
2024-05-28 07:27:00,start-inf-cp-r0.4-lay[51]-ind3
2024-05-28 07:34:15,end-inf-cp-r0.4-lay[51]-ind3
2024-05-28 07:36:00,start-inf-cp-r0.5-lay[51]-ind1
2024-05-28 07:43:28,end-inf-cp-r0.5-lay[51]-ind1
2024-05-28 07:45:00,start-inf-cp-r0.5-lay[51]-ind2
2024-05-28 07:52:28,end-inf-cp-r0.5-lay[51]-ind2
2024-05-28 07:54:00,start-inf-cp-r0.5-lay[51]-ind3
2024-05-28 08:01:28,end-inf-cp-r0.5-lay[51]-ind3
2024-05-28 08:03:00,start-inf-cp-r0.6-lay[51]-ind1
2024-05-28 08:09:51,end-inf-cp-r0.6-lay[51]-ind1
2024-05-28 08:11:00,start-inf-cp-r0.6-lay[51]-ind2
2024-05-28 08:17:52,end-inf-cp-r0.6-lay[51]-ind2
2024-05-28 08:19:00,start-inf-cp-r0.6-lay[51]-ind3
2024-05-28 08:25:52,end-inf-cp-r0.6-lay[51]-ind3
2024-05-28 08:27:00,start-inf-cp-r0.7-lay[51]-ind1
2024-05-28 08:33:59,end-inf-cp-r0.7-lay[51]-ind1
2024-05-28 08:35:00,start-inf-cp-r0.7-lay[51]-ind2
2024-05-28 08:42:00,end-inf-cp-r0.7-lay[51]-ind2
2024-05-28 08:44:00,start-inf-cp-r0.7-lay[51]-ind3
2024-05-28 08:50:58,end-inf-cp-r0.7-lay[51]-ind3
2024-05-28 08:52:00,start-inf-cp-r0.8-lay[51]-ind1
2024-05-28 08:59:05,end-inf-cp-r0.8-lay[51]-ind1
2024-05-28 09:01:00,start-inf-cp-r0.8-lay[51]-ind2
2024-05-28 09:08:05,end-inf-cp-r0.8-lay[51]-ind2
2024-05-28 09:10:00,start-inf-cp-r0.8-lay[51]-ind3
2024-05-28 09:17:04,end-inf-cp-r0.8-lay[51]-ind3
2024-05-28 09:19:00,start-inf-cp-r0.9-lay[51]-ind1
2024-05-28 09:26:11,end-inf-cp-r0.9-lay[51]-ind1
2024-05-28 09:28:00,start-inf-cp-r0.9-lay[51]-ind2
2024-05-28 09:35:10,end-inf-cp-r0.9-lay[51]-ind2
2024-05-28 09:37:01,start-inf-cp-r0.9-lay[51]-ind3
2024-05-28 09:44:11,end-inf-cp-r0.9-lay[51]-ind3
2024-05-28 09:46:00,start-inf-cp-r0.1-lay[47]-ind1
2024-05-28 09:52:19,end-inf-cp-r0.1-lay[47]-ind1
2024-05-28 09:54:00,start-inf-cp-r0.1-lay[47]-ind2
2024-05-28 10:00:20,end-inf-cp-r0.1-lay[47]-ind2
2024-05-28 10:02:00,start-inf-cp-r0.1-lay[47]-ind3
2024-05-28 10:08:18,end-inf-cp-r0.1-lay[47]-ind3
2024-05-28 10:10:00,start-inf-cp-r0.2-lay[47]-ind1
2024-05-28 10:16:33,end-inf-cp-r0.2-lay[47]-ind1
2024-05-28 10:18:00,start-inf-cp-r0.2-lay[47]-ind2
2024-05-28 10:24:33,end-inf-cp-r0.2-lay[47]-ind2
2024-05-28 10:26:00,start-inf-cp-r0.2-lay[47]-ind3
2024-05-28 10:32:34,end-inf-cp-r0.2-lay[47]-ind3
2024-05-28 10:34:00,start-inf-cp-r0.3-lay[47]-ind1
2024-05-28 10:40:42,end-inf-cp-r0.3-lay[47]-ind1
2024-05-28 10:42:00,start-inf-cp-r0.3-lay[47]-ind2
2024-05-28 10:48:43,end-inf-cp-r0.3-lay[47]-ind2
2024-05-28 10:50:00,start-inf-cp-r0.3-lay[47]-ind3
2024-05-28 10:56:42,end-inf-cp-r0.3-lay[47]-ind3
2024-05-28 10:58:00,start-inf-cp-r0.4-lay[47]-ind1
2024-05-28 11:04:40,end-inf-cp-r0.4-lay[47]-ind1
2024-05-28 11:06:00,start-inf-cp-r0.4-lay[47]-ind2
2024-05-28 11:12:39,end-inf-cp-r0.4-lay[47]-ind2
2024-05-28 11:14:00,start-inf-cp-r0.4-lay[47]-ind3
2024-05-28 11:20:40,end-inf-cp-r0.4-lay[47]-ind3
2024-05-28 11:22:00,start-inf-cp-r0.5-lay[47]-ind1
2024-05-28 11:29:00,end-inf-cp-r0.5-lay[47]-ind1
2024-05-28 11:31:00,start-inf-cp-r0.5-lay[47]-ind2
2024-05-28 11:38:01,end-inf-cp-r0.5-lay[47]-ind2
2024-05-28 11:40:00,start-inf-cp-r0.5-lay[47]-ind3
2024-05-28 11:47:00,end-inf-cp-r0.5-lay[47]-ind3
2024-05-28 11:49:00,start-inf-cp-r0.6-lay[47]-ind1
2024-05-28 11:56:10,end-inf-cp-r0.6-lay[47]-ind1
2024-05-28 11:58:00,start-inf-cp-r0.6-lay[47]-ind2
2024-05-28 12:05:10,end-inf-cp-r0.6-lay[47]-ind2
2024-05-28 12:07:00,start-inf-cp-r0.6-lay[47]-ind3
2024-05-28 12:14:09,end-inf-cp-r0.6-lay[47]-ind3
2024-05-28 12:16:00,start-inf-cp-r0.7-lay[47]-ind1
2024-05-28 12:23:20,end-inf-cp-r0.7-lay[47]-ind1
2024-05-28 12:25:00,start-inf-cp-r0.7-lay[47]-ind2
2024-05-28 12:32:19,end-inf-cp-r0.7-lay[47]-ind2
2024-05-28 12:34:00,start-inf-cp-r0.7-lay[47]-ind3
2024-05-28 12:41:20,end-inf-cp-r0.7-lay[47]-ind3
2024-05-28 12:43:00,start-inf-cp-r0.8-lay[47]-ind1
2024-05-28 12:50:05,end-inf-cp-r0.8-lay[47]-ind1
2024-05-28 12:52:00,start-inf-cp-r0.8-lay[47]-ind2
2024-05-28 12:59:05,end-inf-cp-r0.8-lay[47]-ind2
2024-05-28 13:01:00,start-inf-cp-r0.8-lay[47]-ind3
2024-05-28 13:08:05,end-inf-cp-r0.8-lay[47]-ind3
2024-05-28 13:10:01,start-inf-cp-r0.9-lay[47]-ind1
2024-05-28 13:17:13,end-inf-cp-r0.9-lay[47]-ind1
2024-05-28 13:19:00,start-inf-cp-r0.9-lay[47]-ind2
2024-05-28 13:26:12,end-inf-cp-r0.9-lay[47]-ind2
2024-05-28 13:28:00,start-inf-cp-r0.9-lay[47]-ind3
2024-05-28 13:35:12,end-inf-cp-r0.9-lay[47]-ind3
2024-05-28 13:37:00,start-inf-cp-r0.1-lay[41]-ind1
2024-05-28 13:43:16,end-inf-cp-r0.1-lay[41]-ind1
2024-05-28 13:45:00,start-inf-cp-r0.1-lay[41]-ind2
2024-05-28 13:51:15,end-inf-cp-r0.1-lay[41]-ind2
2024-05-28 13:53:00,start-inf-cp-r0.1-lay[41]-ind3
2024-05-28 13:59:16,end-inf-cp-r0.1-lay[41]-ind3
2024-05-28 14:01:00,start-inf-cp-r0.2-lay[41]-ind1
2024-05-28 14:07:16,end-inf-cp-r0.2-lay[41]-ind1
2024-05-28 14:09:00,start-inf-cp-r0.2-lay[41]-ind2
2024-05-28 14:15:16,end-inf-cp-r0.2-lay[41]-ind2
2024-05-28 14:17:00,start-inf-cp-r0.2-lay[41]-ind3
2024-05-28 14:23:16,end-inf-cp-r0.2-lay[41]-ind3
2024-05-28 14:25:00,start-inf-cp-r0.3-lay[41]-ind1
2024-05-28 14:31:23,end-inf-cp-r0.3-lay[41]-ind1
2024-05-28 14:33:00,start-inf-cp-r0.3-lay[41]-ind2
2024-05-28 14:39:23,end-inf-cp-r0.3-lay[41]-ind2
2024-05-28 14:41:00,start-inf-cp-r0.3-lay[41]-ind3
2024-05-28 14:47:22,end-inf-cp-r0.3-lay[41]-ind3
2024-05-28 14:49:00,start-inf-cp-r0.4-lay[41]-ind1
2024-05-28 14:55:24,end-inf-cp-r0.4-lay[41]-ind1
2024-05-28 14:57:00,start-inf-cp-r0.4-lay[41]-ind2
2024-05-28 15:03:24,end-inf-cp-r0.4-lay[41]-ind2
2024-05-28 15:05:00,start-inf-cp-r0.4-lay[41]-ind3
2024-05-28 15:11:24,end-inf-cp-r0.4-lay[41]-ind3
2024-05-28 15:13:00,start-inf-cp-r0.5-lay[41]-ind1
2024-05-28 15:19:24,end-inf-cp-r0.5-lay[41]-ind1
2024-05-28 15:21:00,start-inf-cp-r0.5-lay[41]-ind2
2024-05-28 15:27:25,end-inf-cp-r0.5-lay[41]-ind2
2024-05-28 15:29:00,start-inf-cp-r0.5-lay[41]-ind3
2024-05-28 15:35:25,end-inf-cp-r0.5-lay[41]-ind3
2024-05-28 15:37:00,start-inf-cp-r0.6-lay[41]-ind1
2024-05-28 15:43:25,end-inf-cp-r0.6-lay[41]-ind1
2024-05-28 15:45:00,start-inf-cp-r0.6-lay[41]-ind2
2024-05-28 15:51:26,end-inf-cp-r0.6-lay[41]-ind2
2024-05-28 15:53:00,start-inf-cp-r0.6-lay[41]-ind3
2024-05-28 15:59:25,end-inf-cp-r0.6-lay[41]-ind3
2024-05-28 16:01:00,start-inf-cp-r0.7-lay[41]-ind1
2024-05-28 16:07:18,end-inf-cp-r0.7-lay[41]-ind1
2024-05-28 16:09:00,start-inf-cp-r0.7-lay[41]-ind2
2024-05-28 16:15:18,end-inf-cp-r0.7-lay[41]-ind2
2024-05-28 16:17:00,start-inf-cp-r0.7-lay[41]-ind3
2024-05-28 16:23:19,end-inf-cp-r0.7-lay[41]-ind3
2024-05-28 16:25:00,start-inf-cp-r0.8-lay[41]-ind1
2024-05-28 16:31:20,end-inf-cp-r0.8-lay[41]-ind1
2024-05-28 16:33:00,start-inf-cp-r0.8-lay[41]-ind2
2024-05-28 16:39:19,end-inf-cp-r0.8-lay[41]-ind2
2024-05-28 16:41:00,start-inf-cp-r0.8-lay[41]-ind3
2024-05-28 16:47:20,end-inf-cp-r0.8-lay[41]-ind3
2024-05-28 16:49:00,start-inf-cp-r0.9-lay[41]-ind1
2024-05-28 16:55:20,end-inf-cp-r0.9-lay[41]-ind1
2024-05-28 16:57:00,start-inf-cp-r0.9-lay[41]-ind2
2024-05-28 17:03:20,end-inf-cp-r0.9-lay[41]-ind2
2024-05-28 17:05:00,start-inf-cp-r0.9-lay[41]-ind3
2024-05-28 17:11:20,end-inf-cp-r0.9-lay[41]-ind3
2024-05-28 17:13:00,start-inf-cp-r0.1-lay[35]-ind1
2024-05-28 17:19:15,end-inf-cp-r0.1-lay[35]-ind1
2024-05-28 17:21:00,start-inf-cp-r0.1-lay[35]-ind2
2024-05-28 17:27:14,end-inf-cp-r0.1-lay[35]-ind2
2024-05-28 17:29:00,start-inf-cp-r0.1-lay[35]-ind3
2024-05-28 17:35:14,end-inf-cp-r0.1-lay[35]-ind3
2024-05-28 17:37:00,start-inf-cp-r0.2-lay[35]-ind1
2024-05-28 17:43:28,end-inf-cp-r0.2-lay[35]-ind1
2024-05-28 17:45:00,start-inf-cp-r0.2-lay[35]-ind2
2024-05-28 17:51:29,end-inf-cp-r0.2-lay[35]-ind2
2024-05-28 17:53:00,start-inf-cp-r0.2-lay[35]-ind3
2024-05-28 17:59:28,end-inf-cp-r0.2-lay[35]-ind3
2024-05-28 18:01:00,start-inf-cp-r0.3-lay[35]-ind1
2024-05-28 18:07:34,end-inf-cp-r0.3-lay[35]-ind1
2024-05-28 18:09:00,start-inf-cp-r0.3-lay[35]-ind2
2024-05-28 18:15:35,end-inf-cp-r0.3-lay[35]-ind2
2024-05-28 18:17:00,start-inf-cp-r0.3-lay[35]-ind3
2024-05-28 18:23:35,end-inf-cp-r0.3-lay[35]-ind3
2024-05-28 18:25:00,start-inf-cp-r0.4-lay[35]-ind1
2024-05-28 18:31:41,end-inf-cp-r0.4-lay[35]-ind1
2024-05-28 18:33:00,start-inf-cp-r0.4-lay[35]-ind2
2024-05-28 18:39:42,end-inf-cp-r0.4-lay[35]-ind2
2024-05-28 18:41:00,start-inf-cp-r0.4-lay[35]-ind3
2024-05-28 18:47:41,end-inf-cp-r0.4-lay[35]-ind3
2024-05-28 18:49:00,start-inf-cp-r0.5-lay[35]-ind1
2024-05-28 18:55:49,end-inf-cp-r0.5-lay[35]-ind1
2024-05-28 18:57:00,start-inf-cp-r0.5-lay[35]-ind2
2024-05-28 19:03:48,end-inf-cp-r0.5-lay[35]-ind2
2024-05-28 19:05:00,start-inf-cp-r0.5-lay[35]-ind3
2024-05-28 19:11:48,end-inf-cp-r0.5-lay[35]-ind3
2024-05-28 19:13:00,start-inf-cp-r0.6-lay[35]-ind1
2024-05-28 19:19:56,end-inf-cp-r0.6-lay[35]-ind1
2024-05-28 19:21:00,start-inf-cp-r0.6-lay[35]-ind2
2024-05-28 19:27:54,end-inf-cp-r0.6-lay[35]-ind2
2024-05-28 19:29:00,start-inf-cp-r0.6-lay[35]-ind3
2024-05-28 19:35:55,end-inf-cp-r0.6-lay[35]-ind3
2024-05-28 19:37:00,start-inf-cp-r0.7-lay[35]-ind1
2024-05-28 19:44:13,end-inf-cp-r0.7-lay[35]-ind1
2024-05-28 19:46:00,start-inf-cp-r0.7-lay[35]-ind2
2024-05-28 19:53:13,end-inf-cp-r0.7-lay[35]-ind2
2024-05-28 19:55:00,start-inf-cp-r0.7-lay[35]-ind3
2024-05-28 20:02:14,end-inf-cp-r0.7-lay[35]-ind3
2024-05-28 20:04:00,start-inf-cp-r0.8-lay[35]-ind1
2024-05-28 20:11:21,end-inf-cp-r0.8-lay[35]-ind1
2024-05-28 20:13:00,start-inf-cp-r0.8-lay[35]-ind2
2024-05-28 20:20:20,end-inf-cp-r0.8-lay[35]-ind2
2024-05-28 20:22:00,start-inf-cp-r0.8-lay[35]-ind3
2024-05-28 20:29:20,end-inf-cp-r0.8-lay[35]-ind3
2024-05-28 20:31:00,start-inf-cp-r0.9-lay[35]-ind1
2024-05-28 20:38:30,end-inf-cp-r0.9-lay[35]-ind1
2024-05-28 20:40:00,start-inf-cp-r0.9-lay[35]-ind2
2024-05-28 20:47:30,end-inf-cp-r0.9-lay[35]-ind2
2024-05-28 20:49:00,start-inf-cp-r0.9-lay[35]-ind3
2024-05-28 20:56:30,end-inf-cp-r0.9-lay[35]-ind3
2024-05-28 20:58:00,start-inf-cp-r0.1-lay[28]-ind1
2024-05-28 21:04:10,end-inf-cp-r0.1-lay[28]-ind1
2024-05-28 21:06:00,start-inf-cp-r0.1-lay[28]-ind2
2024-05-28 21:12:09,end-inf-cp-r0.1-lay[28]-ind2
2024-05-28 21:14:00,start-inf-cp-r0.1-lay[28]-ind3
2024-05-28 21:20:09,end-inf-cp-r0.1-lay[28]-ind3
2024-05-28 21:22:00,start-inf-cp-r0.2-lay[28]-ind1
2024-05-28 21:28:17,end-inf-cp-r0.2-lay[28]-ind1
2024-05-28 21:30:00,start-inf-cp-r0.2-lay[28]-ind2
2024-05-28 21:36:16,end-inf-cp-r0.2-lay[28]-ind2
2024-05-28 21:38:00,start-inf-cp-r0.2-lay[28]-ind3
2024-05-28 21:44:16,end-inf-cp-r0.2-lay[28]-ind3
2024-05-28 21:46:00,start-inf-cp-r0.3-lay[28]-ind1
2024-05-28 21:52:30,end-inf-cp-r0.3-lay[28]-ind1
2024-05-28 21:54:00,start-inf-cp-r0.3-lay[28]-ind2
2024-05-28 22:00:31,end-inf-cp-r0.3-lay[28]-ind2
2024-05-28 22:02:00,start-inf-cp-r0.3-lay[28]-ind3
2024-05-28 22:08:30,end-inf-cp-r0.3-lay[28]-ind3
2024-05-28 22:10:01,start-inf-cp-r0.4-lay[28]-ind1
2024-05-28 22:16:38,end-inf-cp-r0.4-lay[28]-ind1
2024-05-28 22:18:00,start-inf-cp-r0.4-lay[28]-ind2
2024-05-28 22:24:38,end-inf-cp-r0.4-lay[28]-ind2
2024-05-28 22:26:00,start-inf-cp-r0.4-lay[28]-ind3
2024-05-28 22:32:39,end-inf-cp-r0.4-lay[28]-ind3
2024-05-28 22:34:00,start-inf-cp-r0.5-lay[28]-ind1
2024-05-28 22:40:46,end-inf-cp-r0.5-lay[28]-ind1
2024-05-28 22:42:00,start-inf-cp-r0.5-lay[28]-ind2
2024-05-28 22:48:47,end-inf-cp-r0.5-lay[28]-ind2
2024-05-28 22:50:00,start-inf-cp-r0.5-lay[28]-ind3
2024-05-28 22:56:46,end-inf-cp-r0.5-lay[28]-ind3
2024-05-28 22:58:00,start-inf-cp-r0.6-lay[28]-ind1
2024-05-28 23:04:54,end-inf-cp-r0.6-lay[28]-ind1
2024-05-28 23:06:00,start-inf-cp-r0.6-lay[28]-ind2
2024-05-28 23:12:55,end-inf-cp-r0.6-lay[28]-ind2
2024-05-28 23:14:00,start-inf-cp-r0.6-lay[28]-ind3
2024-05-28 23:20:54,end-inf-cp-r0.6-lay[28]-ind3
2024-05-28 23:22:00,start-inf-cp-r0.7-lay[28]-ind1
2024-05-28 23:29:04,end-inf-cp-r0.7-lay[28]-ind1
2024-05-28 23:31:00,start-inf-cp-r0.7-lay[28]-ind2
2024-05-28 23:38:03,end-inf-cp-r0.7-lay[28]-ind2
2024-05-28 23:40:00,start-inf-cp-r0.7-lay[28]-ind3
2024-05-28 23:47:02,end-inf-cp-r0.7-lay[28]-ind3
2024-05-28 23:49:00,start-inf-cp-r0.8-lay[28]-ind1
2024-05-28 23:56:10,end-inf-cp-r0.8-lay[28]-ind1
2024-05-28 23:58:00,start-inf-cp-r0.8-lay[28]-ind2
2024-05-29 00:05:09,end-inf-cp-r0.8-lay[28]-ind2
2024-05-29 00:07:00,start-inf-cp-r0.8-lay[28]-ind3
2024-05-29 00:14:10,end-inf-cp-r0.8-lay[28]-ind3
2024-05-29 00:16:00,start-inf-cp-r0.9-lay[28]-ind1
2024-05-29 00:23:28,end-inf-cp-r0.9-lay[28]-ind1
2024-05-29 00:25:00,start-inf-cp-r0.9-lay[28]-ind2
2024-05-29 00:32:28,end-inf-cp-r0.9-lay[28]-ind2
2024-05-29 00:34:00,start-inf-cp-r0.9-lay[28]-ind3
2024-05-29 00:41:28,end-inf-cp-r0.9-lay[28]-ind3
2024-05-29 00:43:00,start-inf-cp-r0.1-lay[25]-ind1
2024-05-29 00:49:17,end-inf-cp-r0.1-lay[25]-ind1
2024-05-29 00:51:00,start-inf-cp-r0.1-lay[25]-ind2
2024-05-29 00:57:17,end-inf-cp-r0.1-lay[25]-ind2
2024-05-29 00:59:00,start-inf-cp-r0.1-lay[25]-ind3
2024-05-29 01:05:16,end-inf-cp-r0.1-lay[25]-ind3
2024-05-29 01:07:00,start-inf-cp-r0.2-lay[25]-ind1
2024-05-29 01:13:17,end-inf-cp-r0.2-lay[25]-ind1
2024-05-29 01:15:00,start-inf-cp-r0.2-lay[25]-ind2
2024-05-29 01:21:17,end-inf-cp-r0.2-lay[25]-ind2
2024-05-29 01:23:00,start-inf-cp-r0.2-lay[25]-ind3
2024-05-29 01:29:17,end-inf-cp-r0.2-lay[25]-ind3
2024-05-29 01:31:00,start-inf-cp-r0.3-lay[25]-ind1
2024-05-29 01:37:18,end-inf-cp-r0.3-lay[25]-ind1
2024-05-29 01:39:00,start-inf-cp-r0.3-lay[25]-ind2
2024-05-29 01:45:18,end-inf-cp-r0.3-lay[25]-ind2
2024-05-29 01:47:00,start-inf-cp-r0.3-lay[25]-ind3
2024-05-29 01:53:17,end-inf-cp-r0.3-lay[25]-ind3
2024-05-29 01:55:00,start-inf-cp-r0.4-lay[25]-ind1
2024-05-29 02:01:20,end-inf-cp-r0.4-lay[25]-ind1
2024-05-29 02:03:00,start-inf-cp-r0.4-lay[25]-ind2
2024-05-29 02:09:18,end-inf-cp-r0.4-lay[25]-ind2
2024-05-29 02:11:00,start-inf-cp-r0.4-lay[25]-ind3
2024-05-29 02:17:19,end-inf-cp-r0.4-lay[25]-ind3
2024-05-29 02:19:00,start-inf-cp-r0.5-lay[25]-ind1
2024-05-29 02:25:25,end-inf-cp-r0.5-lay[25]-ind1
2024-05-29 02:27:00,start-inf-cp-r0.5-lay[25]-ind2
2024-05-29 02:33:24,end-inf-cp-r0.5-lay[25]-ind2
2024-05-29 02:35:00,start-inf-cp-r0.5-lay[25]-ind3
2024-05-29 02:41:24,end-inf-cp-r0.5-lay[25]-ind3
2024-05-29 02:43:00,start-inf-cp-r0.6-lay[25]-ind1
2024-05-29 02:49:25,end-inf-cp-r0.6-lay[25]-ind1
2024-05-29 02:51:00,start-inf-cp-r0.6-lay[25]-ind2
2024-05-29 02:57:25,end-inf-cp-r0.6-lay[25]-ind2
2024-05-29 02:59:00,start-inf-cp-r0.6-lay[25]-ind3
2024-05-29 03:05:26,end-inf-cp-r0.6-lay[25]-ind3
2024-05-29 03:07:00,start-inf-cp-r0.7-lay[25]-ind1
2024-05-29 03:13:26,end-inf-cp-r0.7-lay[25]-ind1
2024-05-29 03:15:00,start-inf-cp-r0.7-lay[25]-ind2
2024-05-29 03:21:26,end-inf-cp-r0.7-lay[25]-ind2
2024-05-29 03:23:01,start-inf-cp-r0.7-lay[25]-ind3
2024-05-29 03:29:27,end-inf-cp-r0.7-lay[25]-ind3
2024-05-29 03:31:00,start-inf-cp-r0.8-lay[25]-ind1
2024-05-29 03:37:28,end-inf-cp-r0.8-lay[25]-ind1
2024-05-29 03:39:00,start-inf-cp-r0.8-lay[25]-ind2
2024-05-29 03:45:27,end-inf-cp-r0.8-lay[25]-ind2
2024-05-29 03:47:00,start-inf-cp-r0.8-lay[25]-ind3
2024-05-29 03:53:27,end-inf-cp-r0.8-lay[25]-ind3
2024-05-29 03:55:00,start-inf-cp-r0.9-lay[25]-ind1
2024-05-29 04:01:29,end-inf-cp-r0.9-lay[25]-ind1
2024-05-29 04:03:00,start-inf-cp-r0.9-lay[25]-ind2
2024-05-29 04:09:28,end-inf-cp-r0.9-lay[25]-ind2
2024-05-29 04:11:00,start-inf-cp-r0.9-lay[25]-ind3
2024-05-29 04:17:29,end-inf-cp-r0.9-lay[25]-ind3
2024-05-29 04:19:00,start-inf-cp-r0.1-lay[19]-ind1
2024-05-29 04:25:23,end-inf-cp-r0.1-lay[19]-ind1
2024-05-29 04:27:01,start-inf-cp-r0.1-lay[19]-ind2
2024-05-29 04:33:24,end-inf-cp-r0.1-lay[19]-ind2
2024-05-29 04:35:00,start-inf-cp-r0.1-lay[19]-ind3
2024-05-29 04:41:24,end-inf-cp-r0.1-lay[19]-ind3
2024-05-29 04:43:00,start-inf-cp-r0.2-lay[19]-ind1
2024-05-29 04:49:27,end-inf-cp-r0.2-lay[19]-ind1
2024-05-29 04:51:00,start-inf-cp-r0.2-lay[19]-ind2
2024-05-29 04:57:28,end-inf-cp-r0.2-lay[19]-ind2
2024-05-29 04:59:00,start-inf-cp-r0.2-lay[19]-ind3
2024-05-29 05:05:28,end-inf-cp-r0.2-lay[19]-ind3
2024-05-29 05:07:00,start-inf-cp-r0.3-lay[19]-ind1
2024-05-29 05:13:34,end-inf-cp-r0.3-lay[19]-ind1
2024-05-29 05:15:00,start-inf-cp-r0.3-lay[19]-ind2
2024-05-29 05:21:34,end-inf-cp-r0.3-lay[19]-ind2
2024-05-29 05:23:00,start-inf-cp-r0.3-lay[19]-ind3
2024-05-29 05:29:34,end-inf-cp-r0.3-lay[19]-ind3
2024-05-29 05:31:00,start-inf-cp-r0.4-lay[19]-ind1
2024-05-29 05:37:50,end-inf-cp-r0.4-lay[19]-ind1
2024-05-29 05:39:00,start-inf-cp-r0.4-lay[19]-ind2
2024-05-29 05:45:50,end-inf-cp-r0.4-lay[19]-ind2
2024-05-29 05:47:00,start-inf-cp-r0.4-lay[19]-ind3
2024-05-29 05:53:51,end-inf-cp-r0.4-lay[19]-ind3
2024-05-29 05:55:00,start-inf-cp-r0.5-lay[19]-ind1
2024-05-29 06:01:57,end-inf-cp-r0.5-lay[19]-ind1
2024-05-29 06:03:00,start-inf-cp-r0.5-lay[19]-ind2
2024-05-29 06:09:57,end-inf-cp-r0.5-lay[19]-ind2
2024-05-29 06:11:00,start-inf-cp-r0.5-lay[19]-ind3
2024-05-29 06:17:57,end-inf-cp-r0.5-lay[19]-ind3
2024-05-29 06:19:00,start-inf-cp-r0.6-lay[19]-ind1
2024-05-29 06:26:06,end-inf-cp-r0.6-lay[19]-ind1
2024-05-29 06:28:00,start-inf-cp-r0.6-lay[19]-ind2
2024-05-29 06:35:05,end-inf-cp-r0.6-lay[19]-ind2
2024-05-29 06:37:01,start-inf-cp-r0.6-lay[19]-ind3
2024-05-29 06:44:06,end-inf-cp-r0.6-lay[19]-ind3
2024-05-29 06:46:00,start-inf-cp-r0.7-lay[19]-ind1
2024-05-29 06:53:16,end-inf-cp-r0.7-lay[19]-ind1
2024-05-29 06:55:00,start-inf-cp-r0.7-lay[19]-ind2
2024-05-29 07:02:16,end-inf-cp-r0.7-lay[19]-ind2
2024-05-29 07:04:00,start-inf-cp-r0.7-lay[19]-ind3
2024-05-29 07:11:16,end-inf-cp-r0.7-lay[19]-ind3
2024-05-29 07:13:00,start-inf-cp-r0.8-lay[19]-ind1
2024-05-29 07:20:23,end-inf-cp-r0.8-lay[19]-ind1
2024-05-29 07:22:00,start-inf-cp-r0.8-lay[19]-ind2
2024-05-29 07:29:24,end-inf-cp-r0.8-lay[19]-ind2
2024-05-29 07:31:00,start-inf-cp-r0.8-lay[19]-ind3
2024-05-29 07:38:23,end-inf-cp-r0.8-lay[19]-ind3
2024-05-29 07:40:00,start-inf-cp-r0.9-lay[19]-ind1
2024-05-29 07:47:31,end-inf-cp-r0.9-lay[19]-ind1
2024-05-29 07:49:00,start-inf-cp-r0.9-lay[19]-ind2
2024-05-29 07:56:32,end-inf-cp-r0.9-lay[19]-ind2
2024-05-29 07:58:00,start-inf-cp-r0.9-lay[19]-ind3
2024-05-29 08:05:32,end-inf-cp-r0.9-lay[19]-ind3
2024-05-29 08:07:00,start-inf-cp-r0.1-lay[6]-ind1
2024-05-29 08:13:31,end-inf-cp-r0.1-lay[6]-ind1
2024-05-29 08:15:00,start-inf-cp-r0.1-lay[6]-ind2
2024-05-29 08:21:31,end-inf-cp-r0.1-lay[6]-ind2
2024-05-29 08:23:00,start-inf-cp-r0.1-lay[6]-ind3
2024-05-29 08:29:31,end-inf-cp-r0.1-lay[6]-ind3
2024-05-29 08:31:00,start-inf-cp-r0.2-lay[6]-ind1
2024-05-29 08:37:33,end-inf-cp-r0.2-lay[6]-ind1
2024-05-29 08:39:00,start-inf-cp-r0.2-lay[6]-ind2
2024-05-29 08:45:33,end-inf-cp-r0.2-lay[6]-ind2
2024-05-29 08:47:00,start-inf-cp-r0.2-lay[6]-ind3
2024-05-29 08:53:33,end-inf-cp-r0.2-lay[6]-ind3
2024-05-29 08:55:00,start-inf-cp-r0.3-lay[6]-ind1
2024-05-29 09:01:47,end-inf-cp-r0.3-lay[6]-ind1
2024-05-29 09:03:00,start-inf-cp-r0.3-lay[6]-ind2
2024-05-29 09:09:46,end-inf-cp-r0.3-lay[6]-ind2
2024-05-29 09:11:00,start-inf-cp-r0.3-lay[6]-ind3
2024-05-29 09:17:46,end-inf-cp-r0.3-lay[6]-ind3
2024-05-29 09:19:00,start-inf-cp-r0.4-lay[6]-ind1
2024-05-29 09:25:57,end-inf-cp-r0.4-lay[6]-ind1
2024-05-29 09:27:00,start-inf-cp-r0.4-lay[6]-ind2
2024-05-29 09:33:57,end-inf-cp-r0.4-lay[6]-ind2
2024-05-29 09:35:00,start-inf-cp-r0.4-lay[6]-ind3
2024-05-29 09:41:56,end-inf-cp-r0.4-lay[6]-ind3
2024-05-29 09:43:00,start-inf-cp-r0.5-lay[6]-ind1
2024-05-29 09:50:26,end-inf-cp-r0.5-lay[6]-ind1
2024-05-29 09:52:00,start-inf-cp-r0.5-lay[6]-ind2
2024-05-29 09:59:26,end-inf-cp-r0.5-lay[6]-ind2
2024-05-29 10:01:00,start-inf-cp-r0.5-lay[6]-ind3
2024-05-29 10:08:26,end-inf-cp-r0.5-lay[6]-ind3
2024-05-29 10:10:00,start-inf-cp-r0.6-lay[6]-ind1
2024-05-29 10:17:38,end-inf-cp-r0.6-lay[6]-ind1
2024-05-29 10:19:00,start-inf-cp-r0.6-lay[6]-ind2
2024-05-29 10:26:38,end-inf-cp-r0.6-lay[6]-ind2
2024-05-29 10:28:00,start-inf-cp-r0.6-lay[6]-ind3
2024-05-29 10:35:38,end-inf-cp-r0.6-lay[6]-ind3
2024-05-29 10:37:00,start-inf-cp-r0.7-lay[6]-ind1
2024-05-29 10:44:51,end-inf-cp-r0.7-lay[6]-ind1
2024-05-29 10:46:00,start-inf-cp-r0.7-lay[6]-ind2
2024-05-29 10:53:52,end-inf-cp-r0.7-lay[6]-ind2
2024-05-29 10:55:00,start-inf-cp-r0.7-lay[6]-ind3
2024-05-29 11:02:52,end-inf-cp-r0.7-lay[6]-ind3
2024-05-29 11:04:00,start-inf-cp-r0.8-lay[6]-ind1
2024-05-29 11:12:04,end-inf-cp-r0.8-lay[6]-ind1
2024-05-29 11:14:00,start-inf-cp-r0.8-lay[6]-ind2
2024-05-29 11:22:04,end-inf-cp-r0.8-lay[6]-ind2
2024-05-29 11:24:00,start-inf-cp-r0.8-lay[6]-ind3
2024-05-29 11:32:04,end-inf-cp-r0.8-lay[6]-ind3
2024-05-29 11:34:00,start-inf-cp-r0.9-lay[6]-ind1
2024-05-29 11:42:10,end-inf-cp-r0.9-lay[6]-ind1
2024-05-29 11:44:00,start-inf-cp-r0.9-lay[6]-ind2
2024-05-29 11:52:10,end-inf-cp-r0.9-lay[6]-ind2
2024-05-29 11:54:01,start-inf-cp-r0.9-lay[6]-ind3
2024-05-29 12:02:10,end-inf-cp-r0.9-lay[6]-ind3
2024-05-29 12:04:00,start-inf-tt-r0.1-lay[63]-ind1
2024-05-29 12:10:14,end-inf-tt-r0.1-lay[63]-ind1
2024-05-29 12:12:00,start-inf-tt-r0.1-lay[63]-ind2
2024-05-29 12:18:14,end-inf-tt-r0.1-lay[63]-ind2
2024-05-29 12:20:00,start-inf-tt-r0.1-lay[63]-ind3
2024-05-29 12:26:14,end-inf-tt-r0.1-lay[63]-ind3
2024-05-29 12:28:00,start-inf-tt-r0.2-lay[63]-ind1
2024-05-29 12:34:03,end-inf-tt-r0.2-lay[63]-ind1
2024-05-29 12:36:00,start-inf-tt-r0.2-lay[63]-ind2
2024-05-29 12:42:02,end-inf-tt-r0.2-lay[63]-ind2
2024-05-29 12:44:00,start-inf-tt-r0.2-lay[63]-ind3
2024-05-29 12:50:02,end-inf-tt-r0.2-lay[63]-ind3
2024-05-29 12:52:00,start-inf-tt-r0.3-lay[63]-ind1
2024-05-29 12:58:37,end-inf-tt-r0.3-lay[63]-ind1
2024-05-29 13:00:00,start-inf-tt-r0.3-lay[63]-ind2
2024-05-29 13:06:38,end-inf-tt-r0.3-lay[63]-ind2
2024-05-29 13:08:00,start-inf-tt-r0.3-lay[63]-ind3
2024-05-29 13:14:37,end-inf-tt-r0.3-lay[63]-ind3
2024-05-29 13:16:00,start-inf-tt-r0.4-lay[63]-ind1
2024-05-29 13:22:38,end-inf-tt-r0.4-lay[63]-ind1
2024-05-29 13:24:00,start-inf-tt-r0.4-lay[63]-ind2
2024-05-29 13:30:38,end-inf-tt-r0.4-lay[63]-ind2
2024-05-29 13:32:00,start-inf-tt-r0.4-lay[63]-ind3
2024-05-29 13:38:38,end-inf-tt-r0.4-lay[63]-ind3
2024-05-29 13:40:00,start-inf-tt-r0.5-lay[63]-ind1
2024-05-29 13:46:40,end-inf-tt-r0.5-lay[63]-ind1
2024-05-29 13:48:00,start-inf-tt-r0.5-lay[63]-ind2
2024-05-29 13:54:38,end-inf-tt-r0.5-lay[63]-ind2
2024-05-29 13:56:00,start-inf-tt-r0.5-lay[63]-ind3
2024-05-29 14:02:39,end-inf-tt-r0.5-lay[63]-ind3
2024-05-29 14:04:00,start-inf-tt-r0.6-lay[63]-ind1
2024-05-29 14:10:39,end-inf-tt-r0.6-lay[63]-ind1
2024-05-29 14:12:00,start-inf-tt-r0.6-lay[63]-ind2
2024-05-29 14:18:39,end-inf-tt-r0.6-lay[63]-ind2
2024-05-29 14:20:00,start-inf-tt-r0.6-lay[63]-ind3
2024-05-29 14:26:39,end-inf-tt-r0.6-lay[63]-ind3
2024-05-29 14:28:00,start-inf-tt-r0.7-lay[63]-ind1
2024-05-29 14:34:40,end-inf-tt-r0.7-lay[63]-ind1
2024-05-29 14:36:00,start-inf-tt-r0.7-lay[63]-ind2
2024-05-29 14:42:40,end-inf-tt-r0.7-lay[63]-ind2
2024-05-30 10:00:00,start-inf-tt-r0.1-lay[63]-ind1
2024-05-30 10:06:06,end-inf-tt-r0.1-lay[63]-ind1
2024-05-30 10:08:00,start-inf-tt-r0.1-lay[63]-ind2
2024-05-30 10:14:07,end-inf-tt-r0.1-lay[63]-ind2
2024-05-30 10:16:00,start-inf-tt-r0.1-lay[63]-ind3
2024-05-30 10:22:07,end-inf-tt-r0.1-lay[63]-ind3
2024-05-30 10:24:00,start-inf-tt-r0.2-lay[63]-ind1
2024-05-30 10:29:58,end-inf-tt-r0.2-lay[63]-ind1
2024-05-30 10:31:00,start-inf-tt-r0.2-lay[63]-ind2
2024-05-30 10:36:58,end-inf-tt-r0.2-lay[63]-ind2
2024-05-30 10:38:00,start-inf-tt-r0.2-lay[63]-ind3
2024-05-30 10:43:59,end-inf-tt-r0.2-lay[63]-ind3
2024-05-30 10:45:00,start-inf-tt-r0.3-lay[63]-ind1
2024-05-30 10:51:33,end-inf-tt-r0.3-lay[63]-ind1
2024-05-30 10:53:00,start-inf-tt-r0.3-lay[63]-ind2
2024-05-30 10:59:33,end-inf-tt-r0.3-lay[63]-ind2
2024-05-30 11:01:00,start-inf-tt-r0.3-lay[63]-ind3
2024-05-30 11:07:33,end-inf-tt-r0.3-lay[63]-ind3
2024-05-30 11:09:00,start-inf-tt-r0.4-lay[63]-ind1
2024-05-30 11:15:34,end-inf-tt-r0.4-lay[63]-ind1
2024-05-30 11:17:00,start-inf-tt-r0.4-lay[63]-ind2
2024-05-30 11:23:33,end-inf-tt-r0.4-lay[63]-ind2
2024-05-30 11:25:01,start-inf-tt-r0.4-lay[63]-ind3
2024-05-30 11:31:34,end-inf-tt-r0.4-lay[63]-ind3
2024-05-30 11:33:00,start-inf-tt-r0.5-lay[63]-ind1
2024-05-30 11:39:34,end-inf-tt-r0.5-lay[63]-ind1
2024-05-30 11:41:00,start-inf-tt-r0.5-lay[63]-ind2
2024-05-30 11:47:34,end-inf-tt-r0.5-lay[63]-ind2
2024-05-30 11:49:00,start-inf-tt-r0.5-lay[63]-ind3
2024-05-30 11:55:35,end-inf-tt-r0.5-lay[63]-ind3
2024-05-30 11:57:00,start-inf-tt-r0.6-lay[63]-ind1
2024-05-30 12:03:34,end-inf-tt-r0.6-lay[63]-ind1
2024-05-30 12:05:00,start-inf-tt-r0.6-lay[63]-ind2
2024-05-30 12:11:35,end-inf-tt-r0.6-lay[63]-ind2
2024-05-30 12:13:00,start-inf-tt-r0.6-lay[63]-ind3
2024-05-30 12:19:35,end-inf-tt-r0.6-lay[63]-ind3
2024-05-30 12:21:00,start-inf-tt-r0.7-lay[63]-ind1
2024-05-30 12:27:35,end-inf-tt-r0.7-lay[63]-ind1
2024-05-30 12:29:00,start-inf-tt-r0.7-lay[63]-ind2
2024-05-30 12:35:35,end-inf-tt-r0.7-lay[63]-ind2
2024-05-30 12:37:00,start-inf-tt-r0.7-lay[63]-ind3
2024-05-30 12:43:35,end-inf-tt-r0.7-lay[63]-ind3
2024-05-30 12:45:00,start-inf-tt-r0.8-lay[63]-ind1
2024-05-30 12:51:36,end-inf-tt-r0.8-lay[63]-ind1
2024-05-30 12:53:00,start-inf-tt-r0.8-lay[63]-ind2
2024-05-30 12:59:36,end-inf-tt-r0.8-lay[63]-ind2
2024-05-30 13:01:00,start-inf-tt-r0.8-lay[63]-ind3
2024-05-30 13:07:36,end-inf-tt-r0.8-lay[63]-ind3
2024-05-30 13:09:00,start-inf-tt-r0.9-lay[63]-ind1
2024-05-30 13:15:36,end-inf-tt-r0.9-lay[63]-ind1
2024-05-30 13:17:01,start-inf-tt-r0.9-lay[63]-ind2
2024-05-30 13:23:37,end-inf-tt-r0.9-lay[63]-ind2
2024-05-30 13:25:00,start-inf-tt-r0.9-lay[63]-ind3
2024-05-30 13:31:37,end-inf-tt-r0.9-lay[63]-ind3
2024-05-30 13:33:00,start-inf-tt-r0.1-lay[57]-ind1
2024-05-30 13:39:17,end-inf-tt-r0.1-lay[57]-ind1
2024-05-30 13:41:00,start-inf-tt-r0.1-lay[57]-ind2
2024-05-30 13:47:17,end-inf-tt-r0.1-lay[57]-ind2
2024-05-30 13:49:00,start-inf-tt-r0.1-lay[57]-ind3
2024-05-30 13:55:17,end-inf-tt-r0.1-lay[57]-ind3
2024-05-30 13:57:00,start-inf-tt-r0.2-lay[57]-ind1
2024-05-30 14:03:17,end-inf-tt-r0.2-lay[57]-ind1
2024-05-30 14:05:00,start-inf-tt-r0.2-lay[57]-ind2
2024-05-30 14:11:17,end-inf-tt-r0.2-lay[57]-ind2
2024-05-30 14:13:00,start-inf-tt-r0.2-lay[57]-ind3
2024-05-30 14:19:16,end-inf-tt-r0.2-lay[57]-ind3
2024-05-30 14:21:00,start-inf-tt-r0.3-lay[57]-ind1
2024-05-30 14:27:16,end-inf-tt-r0.3-lay[57]-ind1
2024-05-30 14:29:00,start-inf-tt-r0.3-lay[57]-ind2
2024-05-30 14:35:18,end-inf-tt-r0.3-lay[57]-ind2
2024-05-30 14:37:00,start-inf-tt-r0.3-lay[57]-ind3
2024-05-30 14:43:17,end-inf-tt-r0.3-lay[57]-ind3
2024-05-30 14:45:00,start-inf-tt-r0.4-lay[57]-ind1
2024-05-30 14:51:18,end-inf-tt-r0.4-lay[57]-ind1
2024-05-30 14:53:00,start-inf-tt-r0.4-lay[57]-ind2
2024-05-30 14:59:18,end-inf-tt-r0.4-lay[57]-ind2
2024-05-30 15:01:00,start-inf-tt-r0.4-lay[57]-ind3
2024-05-30 15:07:18,end-inf-tt-r0.4-lay[57]-ind3
2024-05-30 15:55:00,start-inf-tucker-r0.1-lay[63]-ind1
2024-05-30 16:07:00,start-inf-tt-r0.1-lay[57]-ind1
2024-05-30 16:13:17,end-inf-tt-r0.1-lay[57]-ind1
2024-05-30 16:15:00,start-inf-tt-r0.1-lay[57]-ind2
2024-05-30 16:21:18,end-inf-tt-r0.1-lay[57]-ind2
2024-05-30 16:23:00,start-inf-tt-r0.1-lay[57]-ind3
2024-05-30 16:29:18,end-inf-tt-r0.1-lay[57]-ind3
2024-05-30 16:31:00,start-inf-tt-r0.2-lay[57]-ind1
2024-05-30 16:37:19,end-inf-tt-r0.2-lay[57]-ind1
2024-05-30 16:39:00,start-inf-tt-r0.2-lay[57]-ind2
2024-05-30 16:45:18,end-inf-tt-r0.2-lay[57]-ind2
2024-05-30 16:47:00,start-inf-tt-r0.2-lay[57]-ind3
2024-05-30 16:53:19,end-inf-tt-r0.2-lay[57]-ind3
2024-05-30 16:55:00,start-inf-tt-r0.3-lay[57]-ind1
2024-05-30 17:01:19,end-inf-tt-r0.3-lay[57]-ind1
2024-05-30 17:03:00,start-inf-tt-r0.3-lay[57]-ind2
2024-05-30 17:09:20,end-inf-tt-r0.3-lay[57]-ind2
2024-05-30 17:11:00,start-inf-tt-r0.3-lay[57]-ind3
2024-05-30 17:17:18,end-inf-tt-r0.3-lay[57]-ind3
2024-05-30 17:19:00,start-inf-tt-r0.4-lay[57]-ind1
2024-05-30 17:25:20,end-inf-tt-r0.4-lay[57]-ind1
2024-05-30 17:27:00,start-inf-tt-r0.4-lay[57]-ind2
2024-05-30 17:33:20,end-inf-tt-r0.4-lay[57]-ind2
2024-05-30 17:35:00,start-inf-tt-r0.4-lay[57]-ind3
2024-05-30 17:41:20,end-inf-tt-r0.4-lay[57]-ind3
2024-05-30 17:45:00,start-inf-tucker-r0.1-lay[57]-ind1
2024-05-30 17:48:00,start-inf-tt-r0.1-lay[57]-ind1
2024-05-30 17:54:19,end-inf-tt-r0.1-lay[57]-ind1
2024-05-30 17:56:00,start-inf-tt-r0.1-lay[57]-ind2
2024-05-30 18:02:20,end-inf-tt-r0.1-lay[57]-ind2
2024-05-30 18:04:00,start-inf-tt-r0.1-lay[57]-ind3
2024-05-30 18:10:19,end-inf-tt-r0.1-lay[57]-ind3
2024-05-30 18:12:00,start-inf-tt-r0.2-lay[57]-ind1
2024-05-30 18:18:20,end-inf-tt-r0.2-lay[57]-ind1
2024-05-30 18:20:00,start-inf-tt-r0.2-lay[57]-ind2
2024-05-30 18:26:20,end-inf-tt-r0.2-lay[57]-ind2
2024-05-30 18:28:00,start-inf-tt-r0.2-lay[57]-ind3
2024-05-30 18:34:20,end-inf-tt-r0.2-lay[57]-ind3
2024-05-30 18:36:00,start-inf-tt-r0.3-lay[57]-ind1
2024-05-30 18:42:20,end-inf-tt-r0.3-lay[57]-ind1
2024-05-30 18:44:00,start-inf-tt-r0.3-lay[57]-ind2
2024-05-30 18:50:21,end-inf-tt-r0.3-lay[57]-ind2
2024-05-30 18:52:00,start-inf-tt-r0.3-lay[57]-ind3
2024-05-30 18:58:21,end-inf-tt-r0.3-lay[57]-ind3
2024-05-30 19:00:00,start-inf-tt-r0.4-lay[57]-ind1
2024-05-30 19:06:21,end-inf-tt-r0.4-lay[57]-ind1
2024-05-30 19:08:00,start-inf-tt-r0.4-lay[57]-ind2
2024-05-30 19:14:20,end-inf-tt-r0.4-lay[57]-ind2
2024-05-30 19:16:00,start-inf-tt-r0.4-lay[57]-ind3
2024-05-30 19:22:21,end-inf-tt-r0.4-lay[57]-ind3
2024-05-30 20:31:00,start-inf-tucker-r0.1-lay[63]-ind1
2024-05-30 20:37:10,end-inf-tucker-r0.1-lay[63]-ind1
2024-05-30 20:39:00,start-inf-tucker-r0.1-lay[63]-ind2
2024-05-30 20:45:13,end-inf-tucker-r0.1-lay[63]-ind2
2024-05-30 20:47:00,start-inf-tucker-r0.1-lay[63]-ind3
2024-05-30 20:53:13,end-inf-tucker-r0.1-lay[63]-ind3
2024-05-30 20:55:01,start-inf-tucker-r0.2-lay[63]-ind1
2024-05-30 21:01:25,end-inf-tucker-r0.2-lay[63]-ind1
2024-05-30 21:03:00,start-inf-tucker-r0.2-lay[63]-ind2
2024-05-30 21:09:24,end-inf-tucker-r0.2-lay[63]-ind2
2024-05-30 21:11:00,start-inf-tucker-r0.2-lay[63]-ind3
2024-05-30 21:17:24,end-inf-tucker-r0.2-lay[63]-ind3
2024-05-30 21:19:00,start-inf-tucker-r0.3-lay[63]-ind1
2024-05-30 21:25:35,end-inf-tucker-r0.3-lay[63]-ind1
2024-05-30 21:27:00,start-inf-tucker-r0.3-lay[63]-ind2
2024-05-30 21:33:35,end-inf-tucker-r0.3-lay[63]-ind2
2024-05-30 21:35:00,start-inf-tucker-r0.3-lay[63]-ind3
2024-05-30 21:41:34,end-inf-tucker-r0.3-lay[63]-ind3
2024-05-30 21:43:00,start-inf-tucker-r0.4-lay[63]-ind1
2024-05-30 21:49:46,end-inf-tucker-r0.4-lay[63]-ind1
2024-05-30 21:51:00,start-inf-tucker-r0.4-lay[63]-ind2
2024-05-30 21:57:45,end-inf-tucker-r0.4-lay[63]-ind2
2024-05-30 21:59:00,start-inf-tucker-r0.4-lay[63]-ind3
2024-05-30 22:05:46,end-inf-tucker-r0.4-lay[63]-ind3
2024-05-30 22:07:00,start-inf-tucker-r0.5-lay[63]-ind1
2024-05-30 22:13:53,end-inf-tucker-r0.5-lay[63]-ind1
2024-05-30 22:15:00,start-inf-tucker-r0.5-lay[63]-ind2
2024-05-30 22:21:53,end-inf-tucker-r0.5-lay[63]-ind2
2024-05-30 22:23:00,start-inf-tucker-r0.5-lay[63]-ind3
2024-05-30 22:29:53,end-inf-tucker-r0.5-lay[63]-ind3
2024-05-30 22:31:00,start-inf-tucker-r0.6-lay[63]-ind1
2024-05-30 22:38:00,end-inf-tucker-r0.6-lay[63]-ind1
2024-05-30 22:40:00,start-inf-tucker-r0.6-lay[63]-ind2
2024-05-30 22:46:59,end-inf-tucker-r0.6-lay[63]-ind2
2024-05-30 22:48:00,start-inf-tucker-r0.6-lay[63]-ind3
2024-05-30 22:55:00,end-inf-tucker-r0.6-lay[63]-ind3
2024-05-30 22:57:00,start-inf-tucker-r0.7-lay[63]-ind1
2024-05-30 23:04:11,end-inf-tucker-r0.7-lay[63]-ind1
2024-05-30 23:06:00,start-inf-tucker-r0.7-lay[63]-ind2
2024-05-30 23:13:11,end-inf-tucker-r0.7-lay[63]-ind2
2024-05-30 23:15:00,start-inf-tucker-r0.7-lay[63]-ind3
2024-05-30 23:22:10,end-inf-tucker-r0.7-lay[63]-ind3
2024-05-30 23:24:00,start-inf-tucker-r0.8-lay[63]-ind1
2024-05-30 23:30:52,end-inf-tucker-r0.8-lay[63]-ind1
2024-05-30 23:32:00,start-inf-tucker-r0.8-lay[63]-ind2
2024-05-30 23:38:53,end-inf-tucker-r0.8-lay[63]-ind2
2024-05-30 23:40:00,start-inf-tucker-r0.8-lay[63]-ind3
2024-05-30 23:46:53,end-inf-tucker-r0.8-lay[63]-ind3
2024-05-30 23:48:00,start-inf-tucker-r0.9-lay[63]-ind1
2024-05-30 23:54:58,end-inf-tucker-r0.9-lay[63]-ind1
2024-05-30 23:56:00,start-inf-tucker-r0.9-lay[63]-ind2
2024-05-31 00:02:59,end-inf-tucker-r0.9-lay[63]-ind2
2024-05-31 00:04:00,start-inf-tucker-r0.9-lay[63]-ind3
2024-05-31 00:10:58,end-inf-tucker-r0.9-lay[63]-ind3
2024-05-31 00:12:00,start-inf-tucker-r0.1-lay[57]-ind1
2024-05-31 00:18:19,end-inf-tucker-r0.1-lay[57]-ind1
2024-05-31 00:20:00,start-inf-tucker-r0.1-lay[57]-ind2
2024-05-31 00:26:18,end-inf-tucker-r0.1-lay[57]-ind2
2024-05-31 00:28:00,start-inf-tucker-r0.1-lay[57]-ind3
2024-05-31 00:34:18,end-inf-tucker-r0.1-lay[57]-ind3
2024-05-31 00:36:00,start-inf-tucker-r0.2-lay[57]-ind1
2024-05-31 00:42:23,end-inf-tucker-r0.2-lay[57]-ind1
2024-05-31 00:44:00,start-inf-tucker-r0.2-lay[57]-ind2
2024-05-31 00:50:24,end-inf-tucker-r0.2-lay[57]-ind2
2024-05-31 00:52:00,start-inf-tucker-r0.2-lay[57]-ind3
2024-05-31 00:58:23,end-inf-tucker-r0.2-lay[57]-ind3
2024-05-31 01:00:00,start-inf-tucker-r0.3-lay[57]-ind1
2024-05-31 01:06:24,end-inf-tucker-r0.3-lay[57]-ind1
2024-05-31 01:08:00,start-inf-tucker-r0.3-lay[57]-ind2
2024-05-31 01:14:25,end-inf-tucker-r0.3-lay[57]-ind2
2024-05-31 01:16:00,start-inf-tucker-r0.3-lay[57]-ind3
2024-05-31 01:22:25,end-inf-tucker-r0.3-lay[57]-ind3
2024-05-31 01:24:00,start-inf-tucker-r0.4-lay[57]-ind1
2024-05-31 01:30:27,end-inf-tucker-r0.4-lay[57]-ind1
2024-05-31 01:32:00,start-inf-tucker-r0.4-lay[57]-ind2
2024-05-31 01:38:27,end-inf-tucker-r0.4-lay[57]-ind2
2024-05-31 01:40:00,start-inf-tucker-r0.4-lay[57]-ind3
2024-05-31 01:46:28,end-inf-tucker-r0.4-lay[57]-ind3
2024-05-31 01:48:00,start-inf-tucker-r0.5-lay[57]-ind1
2024-05-31 01:54:28,end-inf-tucker-r0.5-lay[57]-ind1
2024-05-31 01:56:00,start-inf-tucker-r0.5-lay[57]-ind2
2024-05-31 02:02:27,end-inf-tucker-r0.5-lay[57]-ind2
2024-05-31 02:04:00,start-inf-tucker-r0.5-lay[57]-ind3
2024-05-31 02:10:27,end-inf-tucker-r0.5-lay[57]-ind3
2024-05-31 02:12:00,start-inf-tucker-r0.6-lay[57]-ind1
2024-05-31 02:18:29,end-inf-tucker-r0.6-lay[57]-ind1
2024-05-31 02:20:00,start-inf-tucker-r0.6-lay[57]-ind2
2024-05-31 02:26:28,end-inf-tucker-r0.6-lay[57]-ind2
2024-05-31 02:28:00,start-inf-tucker-r0.6-lay[57]-ind3
2024-05-31 02:34:30,end-inf-tucker-r0.6-lay[57]-ind3
2024-05-31 02:36:00,start-inf-tucker-r0.7-lay[57]-ind1
2024-05-31 02:42:32,end-inf-tucker-r0.7-lay[57]-ind1
2024-05-31 02:44:00,start-inf-tucker-r0.7-lay[57]-ind2
2024-05-31 02:50:33,end-inf-tucker-r0.7-lay[57]-ind2
2024-05-31 02:52:00,start-inf-tucker-r0.7-lay[57]-ind3
2024-05-31 02:58:32,end-inf-tucker-r0.7-lay[57]-ind3
2024-05-31 03:00:00,start-inf-tucker-r0.8-lay[57]-ind1
2024-05-31 03:06:32,end-inf-tucker-r0.8-lay[57]-ind1
2024-05-31 03:08:00,start-inf-tucker-r0.8-lay[57]-ind2
2024-05-31 03:14:32,end-inf-tucker-r0.8-lay[57]-ind2
2024-05-31 03:16:00,start-inf-tucker-r0.8-lay[57]-ind3
2024-05-31 03:22:33,end-inf-tucker-r0.8-lay[57]-ind3
2024-05-31 03:24:00,start-inf-tucker-r0.9-lay[57]-ind1
2024-05-31 03:30:33,end-inf-tucker-r0.9-lay[57]-ind1
2024-05-31 03:32:00,start-inf-tucker-r0.9-lay[57]-ind2
2024-05-31 03:38:33,end-inf-tucker-r0.9-lay[57]-ind2
2024-05-31 03:40:00,start-inf-tucker-r0.9-lay[57]-ind3
2024-05-31 03:46:33,end-inf-tucker-r0.9-lay[57]-ind3
2024-05-31 03:48:00,start-inf-tucker-r0.1-lay[51]-ind1
2024-05-31 03:54:22,end-inf-tucker-r0.1-lay[51]-ind1
2024-05-31 03:56:00,start-inf-tucker-r0.1-lay[51]-ind2
2024-05-31 04:02:23,end-inf-tucker-r0.1-lay[51]-ind2
2024-05-31 04:04:00,start-inf-tucker-r0.1-lay[51]-ind3
2024-05-31 04:10:22,end-inf-tucker-r0.1-lay[51]-ind3
2024-05-31 04:12:00,start-inf-tucker-r0.2-lay[51]-ind1
2024-05-31 04:18:29,end-inf-tucker-r0.2-lay[51]-ind1
2024-05-31 04:20:00,start-inf-tucker-r0.2-lay[51]-ind2
2024-05-31 04:26:30,end-inf-tucker-r0.2-lay[51]-ind2
2024-05-31 04:28:00,start-inf-tucker-r0.2-lay[51]-ind3
2024-05-31 04:34:29,end-inf-tucker-r0.2-lay[51]-ind3
2024-05-31 04:36:00,start-inf-tucker-r0.3-lay[51]-ind1
2024-05-31 04:42:34,end-inf-tucker-r0.3-lay[51]-ind1
2024-05-31 04:44:00,start-inf-tucker-r0.3-lay[51]-ind2
2024-05-31 04:50:34,end-inf-tucker-r0.3-lay[51]-ind2
2024-05-31 04:52:00,start-inf-tucker-r0.3-lay[51]-ind3
2024-05-31 04:58:34,end-inf-tucker-r0.3-lay[51]-ind3
2024-05-31 05:00:00,start-inf-tucker-r0.4-lay[51]-ind1
2024-05-31 05:06:39,end-inf-tucker-r0.4-lay[51]-ind1
2024-05-31 05:08:00,start-inf-tucker-r0.4-lay[51]-ind2
2024-05-31 05:14:40,end-inf-tucker-r0.4-lay[51]-ind2
2024-05-31 05:16:00,start-inf-tucker-r0.4-lay[51]-ind3
2024-05-31 05:22:40,end-inf-tucker-r0.4-lay[51]-ind3
2024-05-31 05:24:00,start-inf-tucker-r0.5-lay[51]-ind1
2024-05-31 05:30:44,end-inf-tucker-r0.5-lay[51]-ind1
2024-05-31 05:32:00,start-inf-tucker-r0.5-lay[51]-ind2
2024-05-31 05:38:46,end-inf-tucker-r0.5-lay[51]-ind2
2024-05-31 05:40:00,start-inf-tucker-r0.5-lay[51]-ind3
2024-05-31 05:46:45,end-inf-tucker-r0.5-lay[51]-ind3
2024-05-31 05:48:00,start-inf-tucker-r0.6-lay[51]-ind1
2024-05-31 05:54:47,end-inf-tucker-r0.6-lay[51]-ind1
2024-05-31 05:56:00,start-inf-tucker-r0.6-lay[51]-ind2
2024-05-31 06:02:48,end-inf-tucker-r0.6-lay[51]-ind2
2024-05-31 06:04:00,start-inf-tucker-r0.6-lay[51]-ind3
2024-05-31 06:10:48,end-inf-tucker-r0.6-lay[51]-ind3
2024-05-31 06:12:00,start-inf-tucker-r0.7-lay[51]-ind1
2024-05-31 06:18:51,end-inf-tucker-r0.7-lay[51]-ind1
2024-05-31 06:20:00,start-inf-tucker-r0.7-lay[51]-ind2
2024-05-31 06:26:51,end-inf-tucker-r0.7-lay[51]-ind2
2024-05-31 06:28:00,start-inf-tucker-r0.7-lay[51]-ind3
2024-05-31 06:34:51,end-inf-tucker-r0.7-lay[51]-ind3
2024-05-31 06:36:00,start-inf-tucker-r0.8-lay[51]-ind1
2024-05-31 06:42:54,end-inf-tucker-r0.8-lay[51]-ind1
2024-05-31 06:44:00,start-inf-tucker-r0.8-lay[51]-ind2
2024-05-31 06:50:55,end-inf-tucker-r0.8-lay[51]-ind2
2024-05-31 06:52:00,start-inf-tucker-r0.8-lay[51]-ind3
2024-05-31 06:58:54,end-inf-tucker-r0.8-lay[51]-ind3
2024-05-31 07:00:00,start-inf-tucker-r0.9-lay[51]-ind1
2024-05-31 07:06:59,end-inf-tucker-r0.9-lay[51]-ind1
2024-05-31 07:08:00,start-inf-tucker-r0.9-lay[51]-ind2
2024-05-31 07:14:59,end-inf-tucker-r0.9-lay[51]-ind2
2024-05-31 07:16:00,start-inf-tucker-r0.9-lay[51]-ind3
2024-05-31 07:22:58,end-inf-tucker-r0.9-lay[51]-ind3
2024-05-31 07:24:00,start-inf-tucker-r0.1-lay[47]-ind1
2024-05-31 07:30:13,end-inf-tucker-r0.1-lay[47]-ind1
2024-05-31 07:32:00,start-inf-tucker-r0.1-lay[47]-ind2
2024-05-31 07:38:13,end-inf-tucker-r0.1-lay[47]-ind2
2024-05-31 07:40:00,start-inf-tucker-r0.1-lay[47]-ind3
2024-05-31 07:46:12,end-inf-tucker-r0.1-lay[47]-ind3
2024-05-31 07:48:00,start-inf-tucker-r0.2-lay[47]-ind1
2024-05-31 07:54:16,end-inf-tucker-r0.2-lay[47]-ind1
2024-05-31 07:56:00,start-inf-tucker-r0.2-lay[47]-ind2
2024-05-31 08:02:15,end-inf-tucker-r0.2-lay[47]-ind2
2024-05-31 08:04:00,start-inf-tucker-r0.2-lay[47]-ind3
2024-05-31 08:10:16,end-inf-tucker-r0.2-lay[47]-ind3
2024-05-31 08:12:00,start-inf-tucker-r0.3-lay[47]-ind1
2024-05-31 08:18:17,end-inf-tucker-r0.3-lay[47]-ind1
2024-05-31 08:20:00,start-inf-tucker-r0.3-lay[47]-ind2
2024-05-31 08:26:17,end-inf-tucker-r0.3-lay[47]-ind2
2024-05-31 08:28:00,start-inf-tucker-r0.3-lay[47]-ind3
2024-05-31 08:34:17,end-inf-tucker-r0.3-lay[47]-ind3
2024-05-31 08:36:00,start-inf-tucker-r0.4-lay[47]-ind1
2024-05-31 08:42:26,end-inf-tucker-r0.4-lay[47]-ind1
2024-05-31 08:44:00,start-inf-tucker-r0.4-lay[47]-ind2
2024-05-31 08:50:25,end-inf-tucker-r0.4-lay[47]-ind2
2024-05-31 08:52:00,start-inf-tucker-r0.4-lay[47]-ind3
2024-05-31 08:58:25,end-inf-tucker-r0.4-lay[47]-ind3
2024-05-31 09:00:00,start-inf-tucker-r0.5-lay[47]-ind1
2024-05-31 09:06:28,end-inf-tucker-r0.5-lay[47]-ind1
2024-05-31 09:08:00,start-inf-tucker-r0.5-lay[47]-ind2
2024-05-31 09:14:28,end-inf-tucker-r0.5-lay[47]-ind2
2024-05-31 09:16:00,start-inf-tucker-r0.5-lay[47]-ind3
2024-05-31 09:22:27,end-inf-tucker-r0.5-lay[47]-ind3
2024-05-31 09:24:00,start-inf-tucker-r0.6-lay[47]-ind1
2024-05-31 09:30:30,end-inf-tucker-r0.6-lay[47]-ind1
2024-05-31 09:32:01,start-inf-tucker-r0.6-lay[47]-ind2
2024-05-31 09:38:30,end-inf-tucker-r0.6-lay[47]-ind2
2024-05-31 09:40:00,start-inf-tucker-r0.6-lay[47]-ind3
2024-05-31 09:46:30,end-inf-tucker-r0.6-lay[47]-ind3
2024-05-31 09:48:00,start-inf-tucker-r0.7-lay[47]-ind1
2024-05-31 09:54:31,end-inf-tucker-r0.7-lay[47]-ind1
2024-05-31 09:56:00,start-inf-tucker-r0.7-lay[47]-ind2
2024-05-31 10:02:32,end-inf-tucker-r0.7-lay[47]-ind2
2024-05-31 10:04:00,start-inf-tucker-r0.7-lay[47]-ind3
2024-05-31 10:10:31,end-inf-tucker-r0.7-lay[47]-ind3
2024-05-31 10:12:00,start-inf-tucker-r0.8-lay[47]-ind1
2024-05-31 10:18:34,end-inf-tucker-r0.8-lay[47]-ind1
2024-05-31 10:20:00,start-inf-tucker-r0.8-lay[47]-ind2
2024-05-31 10:26:33,end-inf-tucker-r0.8-lay[47]-ind2
2024-05-31 10:28:00,start-inf-tucker-r0.8-lay[47]-ind3
2024-05-31 10:34:35,end-inf-tucker-r0.8-lay[47]-ind3
2024-05-31 10:36:00,start-inf-tucker-r0.9-lay[47]-ind1
2024-05-31 10:42:35,end-inf-tucker-r0.9-lay[47]-ind1
2024-05-31 10:44:00,start-inf-tucker-r0.9-lay[47]-ind2
2024-05-31 10:50:35,end-inf-tucker-r0.9-lay[47]-ind2
2024-05-31 10:52:01,start-inf-tucker-r0.9-lay[47]-ind3
2024-05-31 10:58:37,end-inf-tucker-r0.9-lay[47]-ind3
2024-05-31 11:00:00,start-inf-tucker-r0.1-lay[41]-ind1
2024-05-31 11:06:11,end-inf-tucker-r0.1-lay[41]-ind1
2024-05-31 11:08:00,start-inf-tucker-r0.1-lay[41]-ind2
2024-05-31 11:14:10,end-inf-tucker-r0.1-lay[41]-ind2
2024-05-31 11:16:00,start-inf-tucker-r0.1-lay[41]-ind3
2024-05-31 11:22:10,end-inf-tucker-r0.1-lay[41]-ind3
2024-05-31 11:24:00,start-inf-tucker-r0.2-lay[41]-ind1
2024-05-31 11:30:10,end-inf-tucker-r0.2-lay[41]-ind1
2024-05-31 11:32:01,start-inf-tucker-r0.2-lay[41]-ind2
2024-05-31 11:38:11,end-inf-tucker-r0.2-lay[41]-ind2
2024-05-31 11:40:00,start-inf-tucker-r0.2-lay[41]-ind3
2024-05-31 11:46:10,end-inf-tucker-r0.2-lay[41]-ind3
2024-05-31 11:48:00,start-inf-tucker-r0.3-lay[41]-ind1
2024-05-31 11:54:17,end-inf-tucker-r0.3-lay[41]-ind1
2024-05-31 11:56:00,start-inf-tucker-r0.3-lay[41]-ind2
2024-05-31 12:02:18,end-inf-tucker-r0.3-lay[41]-ind2
2024-05-31 12:04:00,start-inf-tucker-r0.3-lay[41]-ind3
2024-05-31 12:10:17,end-inf-tucker-r0.3-lay[41]-ind3
2024-05-31 12:12:00,start-inf-tucker-r0.4-lay[41]-ind1
2024-05-31 12:18:18,end-inf-tucker-r0.4-lay[41]-ind1
2024-05-31 12:20:00,start-inf-tucker-r0.4-lay[41]-ind2
2024-05-31 12:26:17,end-inf-tucker-r0.4-lay[41]-ind2
2024-05-31 12:28:00,start-inf-tucker-r0.4-lay[41]-ind3
2024-05-31 12:34:18,end-inf-tucker-r0.4-lay[41]-ind3
2024-05-31 12:36:00,start-inf-tucker-r0.5-lay[41]-ind1
2024-05-31 12:42:18,end-inf-tucker-r0.5-lay[41]-ind1
2024-05-31 12:44:00,start-inf-tucker-r0.5-lay[41]-ind2
2024-05-31 12:50:18,end-inf-tucker-r0.5-lay[41]-ind2
2024-05-31 12:52:00,start-inf-tucker-r0.5-lay[41]-ind3
2024-05-31 12:58:18,end-inf-tucker-r0.5-lay[41]-ind3
2024-05-31 13:00:00,start-inf-tucker-r0.6-lay[41]-ind1
2024-05-31 13:06:11,end-inf-tucker-r0.6-lay[41]-ind1
2024-05-31 13:08:00,start-inf-tucker-r0.6-lay[41]-ind2
2024-05-31 13:14:11,end-inf-tucker-r0.6-lay[41]-ind2
2024-05-31 13:16:00,start-inf-tucker-r0.6-lay[41]-ind3
2024-05-31 13:22:11,end-inf-tucker-r0.6-lay[41]-ind3
2024-05-31 13:24:00,start-inf-tucker-r0.7-lay[41]-ind1
2024-05-31 13:30:11,end-inf-tucker-r0.7-lay[41]-ind1
2024-05-31 13:32:00,start-inf-tucker-r0.7-lay[41]-ind2
2024-05-31 13:38:11,end-inf-tucker-r0.7-lay[41]-ind2
2024-05-31 13:40:00,start-inf-tucker-r0.7-lay[41]-ind3
2024-05-31 13:46:11,end-inf-tucker-r0.7-lay[41]-ind3
2024-05-31 13:48:00,start-inf-tucker-r0.8-lay[41]-ind1
2024-05-31 13:54:11,end-inf-tucker-r0.8-lay[41]-ind1
2024-05-31 13:56:00,start-inf-tucker-r0.8-lay[41]-ind2
2024-05-31 14:02:11,end-inf-tucker-r0.8-lay[41]-ind2
2024-05-31 14:04:00,start-inf-tucker-r0.8-lay[41]-ind3
2024-05-31 14:10:12,end-inf-tucker-r0.8-lay[41]-ind3
2024-05-31 14:12:01,start-inf-tucker-r0.9-lay[41]-ind1
2024-05-31 14:18:12,end-inf-tucker-r0.9-lay[41]-ind1
2024-05-31 14:20:00,start-inf-tucker-r0.9-lay[41]-ind2
2024-05-31 14:26:11,end-inf-tucker-r0.9-lay[41]-ind2
2024-05-31 14:28:00,start-inf-tucker-r0.9-lay[41]-ind3
2024-05-31 14:34:11,end-inf-tucker-r0.9-lay[41]-ind3
2024-05-31 14:36:00,start-inf-tucker-r0.1-lay[35]-ind1
2024-05-31 14:42:12,end-inf-tucker-r0.1-lay[35]-ind1
2024-05-31 14:44:00,start-inf-tucker-r0.1-lay[35]-ind2
2024-05-31 14:50:12,end-inf-tucker-r0.1-lay[35]-ind2
2024-05-31 14:52:00,start-inf-tucker-r0.1-lay[35]-ind3
2024-05-31 14:58:11,end-inf-tucker-r0.1-lay[35]-ind3
2024-05-31 15:00:00,start-inf-tucker-r0.2-lay[35]-ind1
2024-05-31 15:06:06,end-inf-tucker-r0.2-lay[35]-ind1
2024-05-31 15:08:01,start-inf-tucker-r0.2-lay[35]-ind2
2024-05-31 15:14:07,end-inf-tucker-r0.2-lay[35]-ind2
2024-05-31 15:16:00,start-inf-tucker-r0.2-lay[35]-ind3
2024-05-31 15:22:07,end-inf-tucker-r0.2-lay[35]-ind3
2024-05-31 15:24:00,start-inf-tucker-r0.3-lay[35]-ind1
2024-05-31 15:30:07,end-inf-tucker-r0.3-lay[35]-ind1
2024-05-31 15:32:00,start-inf-tucker-r0.3-lay[35]-ind2
2024-05-31 15:38:07,end-inf-tucker-r0.3-lay[35]-ind2
2024-05-31 15:40:00,start-inf-tucker-r0.3-lay[35]-ind3
2024-05-31 15:46:06,end-inf-tucker-r0.3-lay[35]-ind3
2024-05-31 15:48:00,start-inf-tucker-r0.4-lay[35]-ind1
2024-05-31 15:54:10,end-inf-tucker-r0.4-lay[35]-ind1
2024-05-31 15:56:00,start-inf-tucker-r0.4-lay[35]-ind2
2024-05-31 16:02:10,end-inf-tucker-r0.4-lay[35]-ind2
2024-05-31 16:04:00,start-inf-tucker-r0.4-lay[35]-ind3
2024-05-31 16:10:10,end-inf-tucker-r0.4-lay[35]-ind3
2024-05-31 16:12:00,start-inf-tucker-r0.5-lay[35]-ind1
2024-05-31 16:18:19,end-inf-tucker-r0.5-lay[35]-ind1
2024-05-31 16:20:01,start-inf-tucker-r0.5-lay[35]-ind2
2024-05-31 16:26:21,end-inf-tucker-r0.5-lay[35]-ind2
2024-05-31 16:28:00,start-inf-tucker-r0.5-lay[35]-ind3
2024-05-31 16:34:20,end-inf-tucker-r0.5-lay[35]-ind3
2024-05-31 16:36:00,start-inf-tucker-r0.6-lay[35]-ind1
2024-05-31 16:42:21,end-inf-tucker-r0.6-lay[35]-ind1
2024-05-31 16:44:00,start-inf-tucker-r0.6-lay[35]-ind2
2024-05-31 16:50:21,end-inf-tucker-r0.6-lay[35]-ind2
2024-05-31 16:52:00,start-inf-tucker-r0.6-lay[35]-ind3
2024-05-31 16:58:21,end-inf-tucker-r0.6-lay[35]-ind3
2024-05-31 17:00:00,start-inf-tucker-r0.7-lay[35]-ind1
2024-05-31 17:06:23,end-inf-tucker-r0.7-lay[35]-ind1
2024-05-31 17:08:00,start-inf-tucker-r0.7-lay[35]-ind2
2024-05-31 17:14:22,end-inf-tucker-r0.7-lay[35]-ind2
2024-05-31 17:16:00,start-inf-tucker-r0.7-lay[35]-ind3
2024-05-31 17:22:23,end-inf-tucker-r0.7-lay[35]-ind3
2024-06-01 16:05:00,start-inf-tucker-r0.1-lay[35]-ind1
2024-06-01 16:11:09,end-inf-tucker-r0.1-lay[35]-ind1
2024-06-01 16:13:00,start-inf-tucker-r0.1-lay[35]-ind2
2024-06-01 16:19:11,end-inf-tucker-r0.1-lay[35]-ind2
2024-06-01 16:21:01,start-inf-tucker-r0.1-lay[35]-ind3
2024-06-01 16:27:12,end-inf-tucker-r0.1-lay[35]-ind3
2024-06-01 16:29:00,start-inf-tucker-r0.2-lay[35]-ind1
2024-06-01 16:35:06,end-inf-tucker-r0.2-lay[35]-ind1
2024-06-01 16:37:00,start-inf-tucker-r0.2-lay[35]-ind2
2024-06-01 16:43:06,end-inf-tucker-r0.2-lay[35]-ind2
2024-06-01 16:45:00,start-inf-tucker-r0.2-lay[35]-ind3
2024-06-01 16:51:07,end-inf-tucker-r0.2-lay[35]-ind3
2024-06-01 16:53:00,start-inf-tucker-r0.3-lay[35]-ind1
2024-06-01 16:59:07,end-inf-tucker-r0.3-lay[35]-ind1
2024-06-01 17:01:00,start-inf-tucker-r0.3-lay[35]-ind2
2024-06-01 17:07:07,end-inf-tucker-r0.3-lay[35]-ind2
2024-06-01 17:09:00,start-inf-tucker-r0.3-lay[35]-ind3
2024-06-01 17:15:07,end-inf-tucker-r0.3-lay[35]-ind3
2024-06-01 17:17:00,start-inf-tucker-r0.4-lay[35]-ind1
2024-06-01 17:23:10,end-inf-tucker-r0.4-lay[35]-ind1
2024-06-01 17:25:00,start-inf-tucker-r0.4-lay[35]-ind2
2024-06-01 17:31:11,end-inf-tucker-r0.4-lay[35]-ind2
2024-06-01 17:33:00,start-inf-tucker-r0.4-lay[35]-ind3
2024-06-01 17:39:10,end-inf-tucker-r0.4-lay[35]-ind3
2024-06-01 17:41:01,start-inf-tucker-r0.5-lay[35]-ind1
2024-06-01 17:47:20,end-inf-tucker-r0.5-lay[35]-ind1
2024-06-01 17:49:01,start-inf-tucker-r0.5-lay[35]-ind2
2024-06-01 17:55:21,end-inf-tucker-r0.5-lay[35]-ind2
2024-06-01 17:57:00,start-inf-tucker-r0.5-lay[35]-ind3
2024-06-01 18:03:21,end-inf-tucker-r0.5-lay[35]-ind3
2024-06-01 18:05:00,start-inf-tucker-r0.6-lay[35]-ind1
2024-06-01 18:11:23,end-inf-tucker-r0.6-lay[35]-ind1
2024-06-01 18:13:00,start-inf-tucker-r0.6-lay[35]-ind2
2024-06-01 18:19:23,end-inf-tucker-r0.6-lay[35]-ind2
2024-06-01 18:21:00,start-inf-tucker-r0.6-lay[35]-ind3
2024-06-01 18:27:22,end-inf-tucker-r0.6-lay[35]-ind3
2024-06-01 18:29:00,start-inf-tucker-r0.7-lay[35]-ind1
2024-06-01 18:35:26,end-inf-tucker-r0.7-lay[35]-ind1
2024-06-01 18:37:00,start-inf-tucker-r0.7-lay[35]-ind2
2024-06-01 18:43:25,end-inf-tucker-r0.7-lay[35]-ind2
2024-06-01 18:45:00,start-inf-tucker-r0.7-lay[35]-ind3
2024-06-01 18:51:25,end-inf-tucker-r0.7-lay[35]-ind3
2024-06-02 13:23:00,start-inf-tucker-r0.1-lay[35]-ind1
2024-06-02 14:44:00,start-inf-tucker-r0.1-lay[35]-ind1
2024-06-02 14:54:00,start-inf-tucker-r0.1-lay[35]-ind1
2024-06-02 15:00:09,end-inf-tucker-r0.1-lay[35]-ind1
2024-06-02 15:02:00,start-inf-tucker-r0.1-lay[35]-ind2
2024-06-02 15:08:10,end-inf-tucker-r0.1-lay[35]-ind2
2024-06-02 15:10:01,start-inf-tucker-r0.1-lay[35]-ind3
2024-06-02 15:16:11,end-inf-tucker-r0.1-lay[35]-ind3
2024-06-02 15:18:00,start-inf-tucker-r0.2-lay[35]-ind1
2024-06-02 15:24:06,end-inf-tucker-r0.2-lay[35]-ind1
2024-06-02 15:26:00,start-inf-tucker-r0.2-lay[35]-ind2
2024-06-02 15:32:06,end-inf-tucker-r0.2-lay[35]-ind2
2024-06-02 15:34:00,start-inf-tucker-r0.2-lay[35]-ind3
2024-06-02 15:40:06,end-inf-tucker-r0.2-lay[35]-ind3
2024-06-02 15:42:00,start-inf-tucker-r0.3-lay[35]-ind1
2024-06-02 15:48:06,end-inf-tucker-r0.3-lay[35]-ind1
2024-06-02 15:50:00,start-inf-tucker-r0.3-lay[35]-ind2
2024-06-02 15:56:07,end-inf-tucker-r0.3-lay[35]-ind2
2024-06-02 15:58:00,start-inf-tucker-r0.3-lay[35]-ind3
2024-06-02 16:04:07,end-inf-tucker-r0.3-lay[35]-ind3
2024-06-02 16:06:00,start-inf-tucker-r0.4-lay[35]-ind1
2024-06-02 16:12:10,end-inf-tucker-r0.4-lay[35]-ind1
2024-06-02 16:14:00,start-inf-tucker-r0.4-lay[35]-ind2
2024-06-02 16:20:09,end-inf-tucker-r0.4-lay[35]-ind2
2024-06-02 16:22:00,start-inf-tucker-r0.4-lay[35]-ind3
2024-06-02 16:28:09,end-inf-tucker-r0.4-lay[35]-ind3
2024-06-02 16:30:00,start-inf-tucker-r0.5-lay[35]-ind1
2024-06-02 16:36:20,end-inf-tucker-r0.5-lay[35]-ind1
2024-06-02 16:38:00,start-inf-tucker-r0.5-lay[35]-ind2
2024-06-02 16:44:20,end-inf-tucker-r0.5-lay[35]-ind2
2024-06-02 16:46:00,start-inf-tucker-r0.5-lay[35]-ind3
2024-06-02 16:52:19,end-inf-tucker-r0.5-lay[35]-ind3
2024-06-02 16:54:00,start-inf-tucker-r0.6-lay[35]-ind1
2024-06-02 17:00:21,end-inf-tucker-r0.6-lay[35]-ind1
2024-06-02 17:02:00,start-inf-tucker-r0.6-lay[35]-ind2
2024-06-02 17:08:21,end-inf-tucker-r0.6-lay[35]-ind2
2024-06-02 17:10:00,start-inf-tucker-r0.6-lay[35]-ind3
2024-06-02 17:16:21,end-inf-tucker-r0.6-lay[35]-ind3
2024-06-02 17:18:00,start-inf-tucker-r0.7-lay[35]-ind1
2024-06-02 17:24:22,end-inf-tucker-r0.7-lay[35]-ind1
2024-06-02 17:26:00,start-inf-tucker-r0.7-lay[35]-ind2
2024-06-02 17:32:22,end-inf-tucker-r0.7-lay[35]-ind2
2024-06-02 17:34:00,start-inf-tucker-r0.7-lay[35]-ind3
2024-06-02 17:40:22,end-inf-tucker-r0.7-lay[35]-ind3
2024-06-02 17:42:00,start-inf-tucker-r0.8-lay[35]-ind1
2024-06-02 17:48:24,end-inf-tucker-r0.8-lay[35]-ind1
2024-06-02 17:50:00,start-inf-tucker-r0.8-lay[35]-ind2
2024-06-02 17:56:24,end-inf-tucker-r0.8-lay[35]-ind2
2024-06-02 17:58:00,start-inf-tucker-r0.8-lay[35]-ind3
2024-06-02 18:04:24,end-inf-tucker-r0.8-lay[35]-ind3
2024-06-02 18:06:00,start-inf-tucker-r0.9-lay[35]-ind1
2024-06-02 18:12:25,end-inf-tucker-r0.9-lay[35]-ind1
2024-06-02 18:14:01,start-inf-tucker-r0.9-lay[35]-ind2
2024-06-02 18:20:26,end-inf-tucker-r0.9-lay[35]-ind2
2024-06-02 18:22:00,start-inf-tucker-r0.9-lay[35]-ind3
2024-06-02 18:28:26,end-inf-tucker-r0.9-lay[35]-ind3
2024-06-02 18:30:00,start-inf-tucker-r0.1-lay[28]-ind1
2024-06-02 18:36:05,end-inf-tucker-r0.1-lay[28]-ind1
2024-06-02 18:38:00,start-inf-tucker-r0.1-lay[28]-ind2
2024-06-02 18:44:05,end-inf-tucker-r0.1-lay[28]-ind2
2024-06-02 18:46:00,start-inf-tucker-r0.1-lay[28]-ind3
2024-06-02 18:52:06,end-inf-tucker-r0.1-lay[28]-ind3
2024-06-02 18:54:00,start-inf-tucker-r0.2-lay[28]-ind1
2024-06-02 19:00:07,end-inf-tucker-r0.2-lay[28]-ind1
2024-06-02 19:02:00,start-inf-tucker-r0.2-lay[28]-ind2
2024-06-02 19:08:07,end-inf-tucker-r0.2-lay[28]-ind2
2024-06-02 19:10:00,start-inf-tucker-r0.2-lay[28]-ind3
2024-06-02 19:16:08,end-inf-tucker-r0.2-lay[28]-ind3
2024-06-02 19:18:00,start-inf-tucker-r0.3-lay[28]-ind1
2024-06-02 19:24:03,end-inf-tucker-r0.3-lay[28]-ind1
2024-06-02 19:26:00,start-inf-tucker-r0.3-lay[28]-ind2
2024-06-02 19:32:03,end-inf-tucker-r0.3-lay[28]-ind2
2024-06-02 19:34:01,start-inf-tucker-r0.3-lay[28]-ind3
2024-06-02 19:40:03,end-inf-tucker-r0.3-lay[28]-ind3
2024-06-02 19:42:00,start-inf-tucker-r0.4-lay[28]-ind1
2024-06-02 19:48:07,end-inf-tucker-r0.4-lay[28]-ind1
2024-06-02 19:50:00,start-inf-tucker-r0.4-lay[28]-ind2
2024-06-02 19:56:07,end-inf-tucker-r0.4-lay[28]-ind2
2024-06-02 19:58:00,start-inf-tucker-r0.4-lay[28]-ind3
2024-06-02 20:04:07,end-inf-tucker-r0.4-lay[28]-ind3
2024-06-02 20:06:00,start-inf-tucker-r0.5-lay[28]-ind1
2024-06-02 20:12:08,end-inf-tucker-r0.5-lay[28]-ind1
2024-06-02 20:14:00,start-inf-tucker-r0.5-lay[28]-ind2
2024-06-02 20:20:09,end-inf-tucker-r0.5-lay[28]-ind2
2024-06-02 20:22:00,start-inf-tucker-r0.5-lay[28]-ind3
2024-06-02 20:28:08,end-inf-tucker-r0.5-lay[28]-ind3
2024-06-02 20:30:00,start-inf-tucker-r0.6-lay[28]-ind1
2024-06-02 20:36:09,end-inf-tucker-r0.6-lay[28]-ind1
2024-06-02 20:38:00,start-inf-tucker-r0.6-lay[28]-ind2
2024-06-02 20:44:10,end-inf-tucker-r0.6-lay[28]-ind2
2024-06-02 20:46:00,start-inf-tucker-r0.6-lay[28]-ind3
2024-06-02 20:52:10,end-inf-tucker-r0.6-lay[28]-ind3
2024-06-02 20:54:00,start-inf-tucker-r0.7-lay[28]-ind1
2024-06-02 21:00:11,end-inf-tucker-r0.7-lay[28]-ind1
2024-06-02 21:02:00,start-inf-tucker-r0.7-lay[28]-ind2
2024-06-02 21:08:11,end-inf-tucker-r0.7-lay[28]-ind2
2024-06-02 21:10:00,start-inf-tucker-r0.7-lay[28]-ind3
2024-06-02 21:16:11,end-inf-tucker-r0.7-lay[28]-ind3
2024-06-02 21:18:00,start-inf-tucker-r0.8-lay[28]-ind1
2024-06-02 21:24:15,end-inf-tucker-r0.8-lay[28]-ind1
2024-06-02 21:26:00,start-inf-tucker-r0.8-lay[28]-ind2
2024-06-02 21:32:15,end-inf-tucker-r0.8-lay[28]-ind2
2024-06-02 21:34:00,start-inf-tucker-r0.8-lay[28]-ind3
2024-06-02 21:40:16,end-inf-tucker-r0.8-lay[28]-ind3
2024-06-02 21:42:00,start-inf-tucker-r0.9-lay[28]-ind1
2024-06-02 21:48:16,end-inf-tucker-r0.9-lay[28]-ind1
2024-06-02 21:50:00,start-inf-tucker-r0.9-lay[28]-ind2
2024-06-02 21:56:16,end-inf-tucker-r0.9-lay[28]-ind2
2024-06-02 21:58:00,start-inf-tucker-r0.9-lay[28]-ind3
2024-06-02 22:04:16,end-inf-tucker-r0.9-lay[28]-ind3
2024-06-02 22:06:00,start-inf-tucker-r0.1-lay[25]-ind1
2024-06-02 22:12:10,end-inf-tucker-r0.1-lay[25]-ind1
2024-06-02 22:14:00,start-inf-tucker-r0.1-lay[25]-ind2
2024-06-02 22:20:10,end-inf-tucker-r0.1-lay[25]-ind2
2024-06-02 22:22:00,start-inf-tucker-r0.1-lay[25]-ind3
2024-06-02 22:28:10,end-inf-tucker-r0.1-lay[25]-ind3
2024-06-02 22:30:00,start-inf-tucker-r0.2-lay[25]-ind1
2024-06-02 22:36:10,end-inf-tucker-r0.2-lay[25]-ind1
2024-06-02 22:38:00,start-inf-tucker-r0.2-lay[25]-ind2
2024-06-02 22:44:11,end-inf-tucker-r0.2-lay[25]-ind2
2024-06-02 22:46:00,start-inf-tucker-r0.2-lay[25]-ind3
2024-06-02 22:52:11,end-inf-tucker-r0.2-lay[25]-ind3
2024-06-02 22:54:00,start-inf-tucker-r0.3-lay[25]-ind1
2024-06-02 23:00:11,end-inf-tucker-r0.3-lay[25]-ind1
2024-06-02 23:02:00,start-inf-tucker-r0.3-lay[25]-ind2
2024-06-02 23:08:11,end-inf-tucker-r0.3-lay[25]-ind2
2024-06-02 23:10:00,start-inf-tucker-r0.3-lay[25]-ind3
2024-06-02 23:16:12,end-inf-tucker-r0.3-lay[25]-ind3
2024-06-02 23:18:00,start-inf-tucker-r0.4-lay[25]-ind1
2024-06-02 23:24:11,end-inf-tucker-r0.4-lay[25]-ind1
2024-06-02 23:26:00,start-inf-tucker-r0.4-lay[25]-ind2
2024-06-02 23:32:11,end-inf-tucker-r0.4-lay[25]-ind2
2024-06-02 23:34:00,start-inf-tucker-r0.4-lay[25]-ind3
2024-06-02 23:40:11,end-inf-tucker-r0.4-lay[25]-ind3
2024-06-02 23:42:00,start-inf-tucker-r0.5-lay[25]-ind1
2024-06-02 23:48:16,end-inf-tucker-r0.5-lay[25]-ind1
2024-06-02 23:50:00,start-inf-tucker-r0.5-lay[25]-ind2
2024-06-02 23:56:16,end-inf-tucker-r0.5-lay[25]-ind2
2024-06-02 23:58:00,start-inf-tucker-r0.5-lay[25]-ind3
2024-06-03 00:04:17,end-inf-tucker-r0.5-lay[25]-ind3
2024-06-03 00:06:01,start-inf-tucker-r0.6-lay[25]-ind1
2024-06-03 00:12:16,end-inf-tucker-r0.6-lay[25]-ind1
2024-06-03 00:14:00,start-inf-tucker-r0.6-lay[25]-ind2
2024-06-03 00:20:16,end-inf-tucker-r0.6-lay[25]-ind2
2024-06-03 00:22:00,start-inf-tucker-r0.6-lay[25]-ind3
2024-06-03 00:28:16,end-inf-tucker-r0.6-lay[25]-ind3
2024-06-03 00:30:00,start-inf-tucker-r0.7-lay[25]-ind1
2024-06-03 00:36:17,end-inf-tucker-r0.7-lay[25]-ind1
2024-06-03 00:38:00,start-inf-tucker-r0.7-lay[25]-ind2
2024-06-03 00:44:16,end-inf-tucker-r0.7-lay[25]-ind2
2024-06-03 00:46:00,start-inf-tucker-r0.7-lay[25]-ind3
2024-06-03 00:52:16,end-inf-tucker-r0.7-lay[25]-ind3
2024-06-03 00:54:00,start-inf-tucker-r0.8-lay[25]-ind1
2024-06-03 01:00:16,end-inf-tucker-r0.8-lay[25]-ind1
2024-06-03 01:02:00,start-inf-tucker-r0.8-lay[25]-ind2
2024-06-03 01:08:17,end-inf-tucker-r0.8-lay[25]-ind2
2024-06-03 01:10:00,start-inf-tucker-r0.8-lay[25]-ind3
2024-06-03 01:16:16,end-inf-tucker-r0.8-lay[25]-ind3
2024-06-03 01:18:01,start-inf-tucker-r0.9-lay[25]-ind1
2024-06-03 01:24:17,end-inf-tucker-r0.9-lay[25]-ind1
2024-06-03 01:26:00,start-inf-tucker-r0.9-lay[25]-ind2
2024-06-03 01:32:17,end-inf-tucker-r0.9-lay[25]-ind2
2024-06-03 01:34:00,start-inf-tucker-r0.9-lay[25]-ind3
2024-06-03 01:40:17,end-inf-tucker-r0.9-lay[25]-ind3
2024-06-03 01:42:00,start-inf-tucker-r0.1-lay[19]-ind1
2024-06-03 01:48:11,end-inf-tucker-r0.1-lay[19]-ind1
2024-06-03 01:50:00,start-inf-tucker-r0.1-lay[19]-ind2
2024-06-03 01:56:11,end-inf-tucker-r0.1-lay[19]-ind2
2024-06-03 01:58:00,start-inf-tucker-r0.1-lay[19]-ind3
2024-06-03 02:04:11,end-inf-tucker-r0.1-lay[19]-ind3
2024-06-03 02:06:00,start-inf-tucker-r0.2-lay[19]-ind1
2024-06-03 02:12:13,end-inf-tucker-r0.2-lay[19]-ind1
2024-06-03 02:14:00,start-inf-tucker-r0.2-lay[19]-ind2
2024-06-03 02:20:12,end-inf-tucker-r0.2-lay[19]-ind2
2024-06-03 02:22:00,start-inf-tucker-r0.2-lay[19]-ind3
2024-06-03 02:28:12,end-inf-tucker-r0.2-lay[19]-ind3
2024-06-03 02:30:00,start-inf-tucker-r0.3-lay[19]-ind1
2024-06-03 02:36:09,end-inf-tucker-r0.3-lay[19]-ind1
2024-06-03 02:38:00,start-inf-tucker-r0.3-lay[19]-ind2
2024-06-03 02:44:09,end-inf-tucker-r0.3-lay[19]-ind2
2024-06-03 02:46:00,start-inf-tucker-r0.3-lay[19]-ind3
2024-06-03 02:52:08,end-inf-tucker-r0.3-lay[19]-ind3
2024-06-03 02:54:00,start-inf-tucker-r0.4-lay[19]-ind1
2024-06-03 03:00:11,end-inf-tucker-r0.4-lay[19]-ind1
2024-06-03 03:02:00,start-inf-tucker-r0.4-lay[19]-ind2
2024-06-03 03:08:11,end-inf-tucker-r0.4-lay[19]-ind2
2024-06-03 03:10:00,start-inf-tucker-r0.4-lay[19]-ind3
2024-06-03 03:16:11,end-inf-tucker-r0.4-lay[19]-ind3
2024-06-03 03:18:00,start-inf-tucker-r0.5-lay[19]-ind1
2024-06-03 03:24:12,end-inf-tucker-r0.5-lay[19]-ind1
2024-06-03 03:26:00,start-inf-tucker-r0.5-lay[19]-ind2
2024-06-03 03:32:12,end-inf-tucker-r0.5-lay[19]-ind2
2024-06-03 03:34:00,start-inf-tucker-r0.5-lay[19]-ind3
2024-06-03 03:40:12,end-inf-tucker-r0.5-lay[19]-ind3
2024-06-03 03:42:00,start-inf-tucker-r0.6-lay[19]-ind1
2024-06-03 03:48:12,end-inf-tucker-r0.6-lay[19]-ind1
2024-06-03 03:50:00,start-inf-tucker-r0.6-lay[19]-ind2
2024-06-03 03:56:12,end-inf-tucker-r0.6-lay[19]-ind2
2024-06-03 03:58:01,start-inf-tucker-r0.6-lay[19]-ind3
2024-06-03 04:04:13,end-inf-tucker-r0.6-lay[19]-ind3
2024-06-03 04:06:00,start-inf-tucker-r0.7-lay[19]-ind1
2024-06-03 04:12:13,end-inf-tucker-r0.7-lay[19]-ind1
2024-06-03 04:14:00,start-inf-tucker-r0.7-lay[19]-ind2
2024-06-03 04:20:13,end-inf-tucker-r0.7-lay[19]-ind2
2024-06-03 04:22:00,start-inf-tucker-r0.7-lay[19]-ind3
2024-06-03 04:28:13,end-inf-tucker-r0.7-lay[19]-ind3
2024-06-03 04:30:01,start-inf-tucker-r0.8-lay[19]-ind1
2024-06-03 04:36:16,end-inf-tucker-r0.8-lay[19]-ind1
2024-06-03 04:38:00,start-inf-tucker-r0.8-lay[19]-ind2
2024-06-03 04:44:15,end-inf-tucker-r0.8-lay[19]-ind2
2024-06-03 04:46:00,start-inf-tucker-r0.8-lay[19]-ind3
2024-06-03 04:52:15,end-inf-tucker-r0.8-lay[19]-ind3
2024-06-03 04:54:00,start-inf-tucker-r0.9-lay[19]-ind1
2024-06-03 05:00:15,end-inf-tucker-r0.9-lay[19]-ind1
2024-06-03 05:02:00,start-inf-tucker-r0.9-lay[19]-ind2
2024-06-03 05:08:16,end-inf-tucker-r0.9-lay[19]-ind2
2024-06-03 05:10:00,start-inf-tucker-r0.9-lay[19]-ind3
2024-06-03 05:16:16,end-inf-tucker-r0.9-lay[19]-ind3
2024-06-03 05:18:00,start-inf-tucker-r0.1-lay[6]-ind1
2024-06-03 05:24:08,end-inf-tucker-r0.1-lay[6]-ind1
2024-06-03 05:26:00,start-inf-tucker-r0.1-lay[6]-ind2
2024-06-03 05:32:08,end-inf-tucker-r0.1-lay[6]-ind2
2024-06-03 05:34:00,start-inf-tucker-r0.1-lay[6]-ind3
2024-06-03 05:40:08,end-inf-tucker-r0.1-lay[6]-ind3
2024-06-03 05:42:00,start-inf-tucker-r0.2-lay[6]-ind1
2024-06-03 05:48:15,end-inf-tucker-r0.2-lay[6]-ind1
2024-06-03 05:50:00,start-inf-tucker-r0.2-lay[6]-ind2
2024-06-03 05:56:15,end-inf-tucker-r0.2-lay[6]-ind2
2024-06-03 05:58:00,start-inf-tucker-r0.2-lay[6]-ind3
2024-06-03 06:04:15,end-inf-tucker-r0.2-lay[6]-ind3
2024-06-03 06:06:00,start-inf-tucker-r0.3-lay[6]-ind1
2024-06-03 06:12:16,end-inf-tucker-r0.3-lay[6]-ind1
2024-06-03 06:14:00,start-inf-tucker-r0.3-lay[6]-ind2
2024-06-03 06:20:15,end-inf-tucker-r0.3-lay[6]-ind2
2024-06-03 06:22:00,start-inf-tucker-r0.3-lay[6]-ind3
2024-06-03 06:28:17,end-inf-tucker-r0.3-lay[6]-ind3
2024-06-03 06:30:00,start-inf-tucker-r0.4-lay[6]-ind1
2024-06-03 06:36:21,end-inf-tucker-r0.4-lay[6]-ind1
2024-06-03 06:38:00,start-inf-tucker-r0.4-lay[6]-ind2
2024-06-03 06:44:21,end-inf-tucker-r0.4-lay[6]-ind2
2024-06-03 06:46:00,start-inf-tucker-r0.4-lay[6]-ind3
2024-06-03 06:52:21,end-inf-tucker-r0.4-lay[6]-ind3
2024-06-03 06:54:01,start-inf-tucker-r0.5-lay[6]-ind1
2024-06-03 07:00:21,end-inf-tucker-r0.5-lay[6]-ind1
2024-06-03 07:02:00,start-inf-tucker-r0.5-lay[6]-ind2
2024-06-03 07:08:20,end-inf-tucker-r0.5-lay[6]-ind2
2024-06-03 07:10:00,start-inf-tucker-r0.5-lay[6]-ind3
2024-06-03 07:16:21,end-inf-tucker-r0.5-lay[6]-ind3
2024-06-03 07:18:00,start-inf-tucker-r0.6-lay[6]-ind1
2024-06-03 07:24:22,end-inf-tucker-r0.6-lay[6]-ind1
2024-06-03 07:26:00,start-inf-tucker-r0.6-lay[6]-ind2
2024-06-03 07:32:23,end-inf-tucker-r0.6-lay[6]-ind2
2024-06-03 07:34:00,start-inf-tucker-r0.6-lay[6]-ind3
2024-06-03 07:40:22,end-inf-tucker-r0.6-lay[6]-ind3
2024-06-03 07:42:00,start-inf-tucker-r0.7-lay[6]-ind1
2024-06-03 07:48:22,end-inf-tucker-r0.7-lay[6]-ind1
2024-06-03 07:50:00,start-inf-tucker-r0.7-lay[6]-ind2
2024-06-03 07:56:23,end-inf-tucker-r0.7-lay[6]-ind2
2024-06-03 07:58:00,start-inf-tucker-r0.7-lay[6]-ind3
2024-06-03 08:04:22,end-inf-tucker-r0.7-lay[6]-ind3
2024-06-03 08:06:00,start-inf-tucker-r0.8-lay[6]-ind1
2024-06-03 08:12:24,end-inf-tucker-r0.8-lay[6]-ind1
2024-06-03 08:14:00,start-inf-tucker-r0.8-lay[6]-ind2
2024-06-03 08:20:24,end-inf-tucker-r0.8-lay[6]-ind2
2024-06-03 08:22:00,start-inf-tucker-r0.8-lay[6]-ind3
2024-06-03 08:28:23,end-inf-tucker-r0.8-lay[6]-ind3
2024-06-03 08:30:00,start-inf-tucker-r0.9-lay[6]-ind1
2024-06-03 08:36:24,end-inf-tucker-r0.9-lay[6]-ind1
2024-06-03 08:38:01,start-inf-tucker-r0.9-lay[6]-ind2
2024-06-03 08:44:25,end-inf-tucker-r0.9-lay[6]-ind2
2024-06-03 08:46:00,start-inf-tucker-r0.9-lay[6]-ind3
2024-06-03 08:52:24,end-inf-tucker-r0.9-lay[6]-ind3
2024-06-03 11:34:00,start-inf-tt-r0.1-lay[63]-ind1
2024-06-03 11:40:07,end-inf-tt-r0.1-lay[63]-ind1
2024-06-03 11:42:00,start-inf-tt-r0.1-lay[63]-ind2
2024-06-03 11:48:10,end-inf-tt-r0.1-lay[63]-ind2
2024-06-03 11:50:00,start-inf-tt-r0.1-lay[63]-ind3
2024-06-03 11:56:10,end-inf-tt-r0.1-lay[63]-ind3
2024-06-03 11:58:00,start-inf-tt-r0.2-lay[63]-ind1
2024-06-03 12:03:59,end-inf-tt-r0.2-lay[63]-ind1
2024-06-03 12:06:00,start-inf-tt-r0.2-lay[63]-ind2
2024-06-03 12:11:59,end-inf-tt-r0.2-lay[63]-ind2
2024-06-03 12:13:00,start-inf-tt-r0.2-lay[63]-ind3
2024-06-03 12:18:59,end-inf-tt-r0.2-lay[63]-ind3
2024-06-03 12:21:00,start-inf-tt-r0.3-lay[63]-ind1
2024-06-03 12:27:33,end-inf-tt-r0.3-lay[63]-ind1
2024-06-03 12:29:00,start-inf-tt-r0.3-lay[63]-ind2
2024-06-03 12:35:34,end-inf-tt-r0.3-lay[63]-ind2
2024-06-03 12:37:00,start-inf-tt-r0.3-lay[63]-ind3
2024-06-03 12:43:34,end-inf-tt-r0.3-lay[63]-ind3
2024-06-03 12:45:00,start-inf-tt-r0.4-lay[63]-ind1
2024-06-03 12:51:34,end-inf-tt-r0.4-lay[63]-ind1
2024-06-03 12:53:00,start-inf-tt-r0.4-lay[63]-ind2
2024-06-03 12:59:35,end-inf-tt-r0.4-lay[63]-ind2
2024-06-03 13:01:00,start-inf-tt-r0.4-lay[63]-ind3
2024-06-03 13:07:34,end-inf-tt-r0.4-lay[63]-ind3
2024-06-03 13:09:00,start-inf-tt-r0.5-lay[63]-ind1
2024-06-03 13:15:35,end-inf-tt-r0.5-lay[63]-ind1
2024-06-03 13:17:00,start-inf-tt-r0.5-lay[63]-ind2
2024-06-03 13:23:35,end-inf-tt-r0.5-lay[63]-ind2
2024-06-03 13:25:00,start-inf-tt-r0.5-lay[63]-ind3
2024-06-03 13:31:35,end-inf-tt-r0.5-lay[63]-ind3
2024-06-03 13:33:00,start-inf-tt-r0.6-lay[63]-ind1
2024-06-03 13:39:36,end-inf-tt-r0.6-lay[63]-ind1
2024-06-03 13:41:00,start-inf-tt-r0.6-lay[63]-ind2
2024-06-03 13:47:35,end-inf-tt-r0.6-lay[63]-ind2
2024-06-03 13:49:00,start-inf-tt-r0.6-lay[63]-ind3
2024-06-03 13:55:35,end-inf-tt-r0.6-lay[63]-ind3
2024-06-03 13:57:00,start-inf-tt-r0.7-lay[63]-ind1
2024-06-03 14:03:36,end-inf-tt-r0.7-lay[63]-ind1
2024-06-03 14:05:00,start-inf-tt-r0.7-lay[63]-ind2
2024-06-03 14:11:36,end-inf-tt-r0.7-lay[63]-ind2
2024-06-03 14:13:00,start-inf-tt-r0.7-lay[63]-ind3
2024-06-03 14:19:36,end-inf-tt-r0.7-lay[63]-ind3
2024-06-03 14:21:00,start-inf-tt-r0.8-lay[63]-ind1
2024-06-03 14:27:36,end-inf-tt-r0.8-lay[63]-ind1
2024-06-03 14:29:00,start-inf-tt-r0.8-lay[63]-ind2
2024-06-03 14:35:37,end-inf-tt-r0.8-lay[63]-ind2
2024-06-03 14:37:00,start-inf-tt-r0.8-lay[63]-ind3
2024-06-03 14:43:36,end-inf-tt-r0.8-lay[63]-ind3
2024-06-03 14:45:00,start-inf-tt-r0.9-lay[63]-ind1
2024-06-03 14:51:38,end-inf-tt-r0.9-lay[63]-ind1
2024-06-03 14:53:00,start-inf-tt-r0.9-lay[63]-ind2
2024-06-03 14:59:39,end-inf-tt-r0.9-lay[63]-ind2
2024-06-03 15:01:00,start-inf-tt-r0.9-lay[63]-ind3
2024-06-03 15:07:39,end-inf-tt-r0.9-lay[63]-ind3
2024-06-03 18:43:00,start-inf-tt-r0.1-lay[57]-ind1
2024-06-03 18:49:21,end-inf-tt-r0.1-lay[57]-ind1
2024-06-03 18:51:00,start-inf-tt-r0.1-lay[57]-ind2
2024-06-03 18:57:19,end-inf-tt-r0.1-lay[57]-ind2
2024-06-03 18:59:00,start-inf-tt-r0.1-lay[57]-ind3
2024-06-03 19:05:20,end-inf-tt-r0.1-lay[57]-ind3
2024-06-03 19:07:00,start-inf-tt-r0.2-lay[57]-ind1
2024-06-03 19:13:20,end-inf-tt-r0.2-lay[57]-ind1
2024-06-03 19:15:00,start-inf-tt-r0.2-lay[57]-ind2
2024-06-03 19:21:20,end-inf-tt-r0.2-lay[57]-ind2
2024-06-03 19:23:00,start-inf-tt-r0.2-lay[57]-ind3
2024-06-03 19:29:20,end-inf-tt-r0.2-lay[57]-ind3
2024-06-03 19:31:00,start-inf-tt-r0.3-lay[57]-ind1
2024-06-03 19:37:20,end-inf-tt-r0.3-lay[57]-ind1
2024-06-03 19:39:00,start-inf-tt-r0.3-lay[57]-ind2
2024-06-03 19:45:20,end-inf-tt-r0.3-lay[57]-ind2
2024-06-03 19:47:00,start-inf-tt-r0.3-lay[57]-ind3
2024-06-03 19:53:20,end-inf-tt-r0.3-lay[57]-ind3
2024-06-03 19:55:00,start-inf-tt-r0.4-lay[57]-ind1
2024-06-03 20:01:21,end-inf-tt-r0.4-lay[57]-ind1
2024-06-03 20:03:00,start-inf-tt-r0.4-lay[57]-ind2
2024-06-03 20:09:20,end-inf-tt-r0.4-lay[57]-ind2
2024-06-03 20:11:00,start-inf-tt-r0.4-lay[57]-ind3
2024-06-03 20:17:21,end-inf-tt-r0.4-lay[57]-ind3
2024-06-03 20:19:00,start-inf-tt-r0.5-lay[57]-ind1
2024-06-03 20:25:20,end-inf-tt-r0.5-lay[57]-ind1
2024-06-03 20:27:00,start-inf-tt-r0.5-lay[57]-ind2
2024-06-03 20:33:20,end-inf-tt-r0.5-lay[57]-ind2
2024-06-03 20:35:00,start-inf-tt-r0.5-lay[57]-ind3
2024-06-03 20:41:21,end-inf-tt-r0.5-lay[57]-ind3
2024-06-03 20:43:00,start-inf-tt-r0.6-lay[57]-ind1
2024-06-03 20:49:20,end-inf-tt-r0.6-lay[57]-ind1
2024-06-03 20:51:00,start-inf-tt-r0.6-lay[57]-ind2
2024-06-03 20:57:20,end-inf-tt-r0.6-lay[57]-ind2
2024-06-03 20:59:00,start-inf-tt-r0.6-lay[57]-ind3
2024-06-03 21:05:20,end-inf-tt-r0.6-lay[57]-ind3
2024-06-03 21:07:00,start-inf-tt-r0.7-lay[57]-ind1
2024-06-03 21:13:21,end-inf-tt-r0.7-lay[57]-ind1
2024-06-03 21:15:00,start-inf-tt-r0.7-lay[57]-ind2
2024-06-03 21:21:21,end-inf-tt-r0.7-lay[57]-ind2
2024-06-03 21:23:00,start-inf-tt-r0.7-lay[57]-ind3
2024-06-03 21:29:21,end-inf-tt-r0.7-lay[57]-ind3
2024-06-03 21:31:00,start-inf-tt-r0.8-lay[57]-ind1
2024-06-03 21:37:21,end-inf-tt-r0.8-lay[57]-ind1
2024-06-03 21:39:00,start-inf-tt-r0.8-lay[57]-ind2
2024-06-03 21:45:21,end-inf-tt-r0.8-lay[57]-ind2
2024-06-03 21:47:00,start-inf-tt-r0.8-lay[57]-ind3
2024-06-03 21:53:21,end-inf-tt-r0.8-lay[57]-ind3
2024-06-03 21:55:00,start-inf-tt-r0.9-lay[57]-ind1
2024-06-03 22:01:22,end-inf-tt-r0.9-lay[57]-ind1
2024-06-03 22:03:00,start-inf-tt-r0.9-lay[57]-ind2
2024-06-03 22:09:21,end-inf-tt-r0.9-lay[57]-ind2
2024-06-03 22:11:00,start-inf-tt-r0.9-lay[57]-ind3
2024-06-03 22:17:21,end-inf-tt-r0.9-lay[57]-ind3
2024-06-04 01:53:00,start-inf-tt-r0.1-lay[51]-ind1
2024-06-04 01:59:15,end-inf-tt-r0.1-lay[51]-ind1
2024-06-04 02:01:00,start-inf-tt-r0.1-lay[51]-ind2
2024-06-04 02:07:14,end-inf-tt-r0.1-lay[51]-ind2
2024-06-04 02:09:00,start-inf-tt-r0.1-lay[51]-ind3
2024-06-04 02:15:15,end-inf-tt-r0.1-lay[51]-ind3
2024-06-04 02:17:00,start-inf-tt-r0.2-lay[51]-ind1
2024-06-04 02:23:18,end-inf-tt-r0.2-lay[51]-ind1
2024-06-04 02:25:00,start-inf-tt-r0.2-lay[51]-ind2
2024-06-04 02:31:19,end-inf-tt-r0.2-lay[51]-ind2
2024-06-04 02:33:00,start-inf-tt-r0.2-lay[51]-ind3
2024-06-04 02:39:18,end-inf-tt-r0.2-lay[51]-ind3
2024-06-04 02:41:00,start-inf-tt-r0.3-lay[51]-ind1
2024-06-04 02:47:22,end-inf-tt-r0.3-lay[51]-ind1
2024-06-04 02:49:00,start-inf-tt-r0.3-lay[51]-ind2
2024-06-04 02:55:22,end-inf-tt-r0.3-lay[51]-ind2
2024-06-04 02:57:00,start-inf-tt-r0.3-lay[51]-ind3
2024-06-04 03:03:22,end-inf-tt-r0.3-lay[51]-ind3
2024-06-04 03:05:00,start-inf-tt-r0.4-lay[51]-ind1
2024-06-04 03:11:26,end-inf-tt-r0.4-lay[51]-ind1
2024-06-04 03:13:00,start-inf-tt-r0.4-lay[51]-ind2
2024-06-04 03:19:26,end-inf-tt-r0.4-lay[51]-ind2
2024-06-04 03:21:00,start-inf-tt-r0.4-lay[51]-ind3
2024-06-04 03:27:25,end-inf-tt-r0.4-lay[51]-ind3
2024-06-04 03:29:00,start-inf-tt-r0.5-lay[51]-ind1
2024-06-04 03:35:27,end-inf-tt-r0.5-lay[51]-ind1
2024-06-04 03:37:00,start-inf-tt-r0.5-lay[51]-ind2
2024-06-04 03:43:27,end-inf-tt-r0.5-lay[51]-ind2
2024-06-04 03:45:00,start-inf-tt-r0.5-lay[51]-ind3
2024-06-04 03:51:26,end-inf-tt-r0.5-lay[51]-ind3
2024-06-04 03:53:00,start-inf-tt-r0.6-lay[51]-ind1
2024-06-04 03:59:28,end-inf-tt-r0.6-lay[51]-ind1
2024-06-04 04:01:00,start-inf-tt-r0.6-lay[51]-ind2
2024-06-04 04:07:27,end-inf-tt-r0.6-lay[51]-ind2
2024-06-04 04:09:00,start-inf-tt-r0.6-lay[51]-ind3
2024-06-04 04:15:27,end-inf-tt-r0.6-lay[51]-ind3
2024-06-04 04:17:00,start-inf-tt-r0.7-lay[51]-ind1
2024-06-04 04:23:28,end-inf-tt-r0.7-lay[51]-ind1
2024-06-04 04:25:00,start-inf-tt-r0.7-lay[51]-ind2
2024-06-04 04:31:28,end-inf-tt-r0.7-lay[51]-ind2
2024-06-04 04:33:00,start-inf-tt-r0.7-lay[51]-ind3
2024-06-04 04:39:28,end-inf-tt-r0.7-lay[51]-ind3
2024-06-04 04:41:00,start-inf-tt-r0.8-lay[51]-ind1
2024-06-04 04:47:28,end-inf-tt-r0.8-lay[51]-ind1
2024-06-04 04:49:00,start-inf-tt-r0.8-lay[51]-ind2
2024-06-04 04:55:28,end-inf-tt-r0.8-lay[51]-ind2
2024-06-04 04:57:00,start-inf-tt-r0.8-lay[51]-ind3
2024-06-04 05:03:28,end-inf-tt-r0.8-lay[51]-ind3
2024-06-04 05:05:00,start-inf-tt-r0.9-lay[51]-ind1
2024-06-04 05:11:28,end-inf-tt-r0.9-lay[51]-ind1
2024-06-04 05:13:00,start-inf-tt-r0.9-lay[51]-ind2
2024-06-04 05:19:28,end-inf-tt-r0.9-lay[51]-ind2
2024-06-04 05:21:00,start-inf-tt-r0.9-lay[51]-ind3
2024-06-04 05:27:27,end-inf-tt-r0.9-lay[51]-ind3
2024-06-04 05:29:00,start-inf-tt-r0.1-lay[47]-ind1
2024-06-04 05:35:14,end-inf-tt-r0.1-lay[47]-ind1
2024-06-04 05:37:00,start-inf-tt-r0.1-lay[47]-ind2
2024-06-04 05:43:14,end-inf-tt-r0.1-lay[47]-ind2
2024-06-04 05:45:00,start-inf-tt-r0.1-lay[47]-ind3
2024-06-04 05:51:14,end-inf-tt-r0.1-lay[47]-ind3
2024-06-04 05:53:00,start-inf-tt-r0.2-lay[47]-ind1
2024-06-04 05:59:24,end-inf-tt-r0.2-lay[47]-ind1
2024-06-04 06:01:00,start-inf-tt-r0.2-lay[47]-ind2
2024-06-04 06:07:23,end-inf-tt-r0.2-lay[47]-ind2
2024-06-04 06:09:00,start-inf-tt-r0.2-lay[47]-ind3
2024-06-04 06:15:24,end-inf-tt-r0.2-lay[47]-ind3
2024-06-04 06:17:00,start-inf-tt-r0.3-lay[47]-ind1
2024-06-04 06:23:30,end-inf-tt-r0.3-lay[47]-ind1
2024-06-04 06:25:00,start-inf-tt-r0.3-lay[47]-ind2
2024-06-04 06:31:30,end-inf-tt-r0.3-lay[47]-ind2
2024-06-04 06:33:00,start-inf-tt-r0.3-lay[47]-ind3
2024-06-04 06:39:31,end-inf-tt-r0.3-lay[47]-ind3
2024-06-04 06:41:00,start-inf-tt-r0.4-lay[47]-ind1
2024-06-04 06:47:31,end-inf-tt-r0.4-lay[47]-ind1
2024-06-04 06:49:00,start-inf-tt-r0.4-lay[47]-ind2
2024-06-04 06:55:31,end-inf-tt-r0.4-lay[47]-ind2
2024-06-04 06:57:00,start-inf-tt-r0.4-lay[47]-ind3
2024-06-04 07:03:31,end-inf-tt-r0.4-lay[47]-ind3
2024-06-04 07:05:00,start-inf-tt-r0.5-lay[47]-ind1
2024-06-04 07:11:30,end-inf-tt-r0.5-lay[47]-ind1
2024-06-04 07:13:00,start-inf-tt-r0.5-lay[47]-ind2
2024-06-04 07:19:31,end-inf-tt-r0.5-lay[47]-ind2
2024-06-04 07:21:00,start-inf-tt-r0.5-lay[47]-ind3
2024-06-04 07:27:31,end-inf-tt-r0.5-lay[47]-ind3
2024-06-04 07:29:00,start-inf-tt-r0.6-lay[47]-ind1
2024-06-04 07:35:31,end-inf-tt-r0.6-lay[47]-ind1
2024-06-04 07:37:00,start-inf-tt-r0.6-lay[47]-ind2
2024-06-04 07:43:31,end-inf-tt-r0.6-lay[47]-ind2
2024-06-04 07:45:00,start-inf-tt-r0.6-lay[47]-ind3
2024-06-04 07:51:32,end-inf-tt-r0.6-lay[47]-ind3
2024-06-04 07:53:00,start-inf-tt-r0.7-lay[47]-ind1
2024-06-04 07:59:31,end-inf-tt-r0.7-lay[47]-ind1
2024-06-04 08:01:00,start-inf-tt-r0.7-lay[47]-ind2
2024-06-04 08:07:32,end-inf-tt-r0.7-lay[47]-ind2
2024-06-04 08:09:00,start-inf-tt-r0.7-lay[47]-ind3
2024-06-04 08:15:31,end-inf-tt-r0.7-lay[47]-ind3
2024-06-04 08:17:00,start-inf-tt-r0.8-lay[47]-ind1
2024-06-04 08:23:31,end-inf-tt-r0.8-lay[47]-ind1
2024-06-04 08:25:00,start-inf-tt-r0.8-lay[47]-ind2
2024-06-04 08:31:32,end-inf-tt-r0.8-lay[47]-ind2
2024-06-04 08:33:00,start-inf-tt-r0.8-lay[47]-ind3
2024-06-04 08:39:32,end-inf-tt-r0.8-lay[47]-ind3
2024-06-04 08:41:00,start-inf-tt-r0.9-lay[47]-ind1
2024-06-04 08:47:28,end-inf-tt-r0.9-lay[47]-ind1
2024-06-04 08:49:00,start-inf-tt-r0.9-lay[47]-ind2
2024-06-04 08:55:28,end-inf-tt-r0.9-lay[47]-ind2
2024-06-04 08:57:00,start-inf-tt-r0.9-lay[47]-ind3
2024-06-04 09:03:28,end-inf-tt-r0.9-lay[47]-ind3
2024-06-04 09:05:00,start-inf-tt-r0.1-lay[41]-ind1
2024-06-04 09:11:13,end-inf-tt-r0.1-lay[41]-ind1
2024-06-04 09:13:00,start-inf-tt-r0.1-lay[41]-ind2
2024-06-04 09:19:13,end-inf-tt-r0.1-lay[41]-ind2
2024-06-04 09:21:00,start-inf-tt-r0.1-lay[41]-ind3
2024-06-04 09:27:12,end-inf-tt-r0.1-lay[41]-ind3
2024-06-04 09:29:00,start-inf-tt-r0.2-lay[41]-ind1
2024-06-04 09:35:13,end-inf-tt-r0.2-lay[41]-ind1
2024-06-04 09:37:00,start-inf-tt-r0.2-lay[41]-ind2
2024-06-04 09:43:12,end-inf-tt-r0.2-lay[41]-ind2
2024-06-04 09:45:00,start-inf-tt-r0.2-lay[41]-ind3
2024-06-04 09:51:13,end-inf-tt-r0.2-lay[41]-ind3
2024-06-04 09:53:00,start-inf-tt-r0.3-lay[41]-ind1
2024-06-04 09:59:12,end-inf-tt-r0.3-lay[41]-ind1
2024-06-04 10:01:00,start-inf-tt-r0.3-lay[41]-ind2
2024-06-04 10:07:13,end-inf-tt-r0.3-lay[41]-ind2
2024-06-04 10:09:00,start-inf-tt-r0.3-lay[41]-ind3
2024-06-04 10:15:12,end-inf-tt-r0.3-lay[41]-ind3
2024-06-04 10:17:00,start-inf-tt-r0.4-lay[41]-ind1
2024-06-04 10:23:13,end-inf-tt-r0.4-lay[41]-ind1
2024-06-04 10:25:00,start-inf-tt-r0.4-lay[41]-ind2
2024-06-04 10:31:12,end-inf-tt-r0.4-lay[41]-ind2
2024-06-04 10:33:00,start-inf-tt-r0.4-lay[41]-ind3
2024-06-04 10:39:12,end-inf-tt-r0.4-lay[41]-ind3
2024-06-04 10:41:00,start-inf-tt-r0.5-lay[41]-ind1
2024-06-04 10:47:12,end-inf-tt-r0.5-lay[41]-ind1
2024-06-04 10:49:00,start-inf-tt-r0.5-lay[41]-ind2
2024-06-04 10:55:12,end-inf-tt-r0.5-lay[41]-ind2
2024-06-04 10:57:00,start-inf-tt-r0.5-lay[41]-ind3
2024-06-04 11:03:14,end-inf-tt-r0.5-lay[41]-ind3
2024-06-04 11:05:00,start-inf-tt-r0.6-lay[41]-ind1
2024-06-04 11:11:12,end-inf-tt-r0.6-lay[41]-ind1
2024-06-04 11:13:00,start-inf-tt-r0.6-lay[41]-ind2
2024-06-04 11:19:13,end-inf-tt-r0.6-lay[41]-ind2
2024-06-04 11:21:00,start-inf-tt-r0.6-lay[41]-ind3
2024-06-04 11:27:12,end-inf-tt-r0.6-lay[41]-ind3
2024-06-04 11:29:00,start-inf-tt-r0.7-lay[41]-ind1
2024-06-04 11:35:14,end-inf-tt-r0.7-lay[41]-ind1
2024-06-04 11:37:00,start-inf-tt-r0.7-lay[41]-ind2
2024-06-04 11:43:13,end-inf-tt-r0.7-lay[41]-ind2
2024-06-04 11:45:00,start-inf-tt-r0.7-lay[41]-ind3
2024-06-04 11:51:13,end-inf-tt-r0.7-lay[41]-ind3
2024-06-04 11:53:00,start-inf-tt-r0.8-lay[41]-ind1
2024-06-04 11:59:14,end-inf-tt-r0.8-lay[41]-ind1
2024-06-04 12:01:00,start-inf-tt-r0.8-lay[41]-ind2
2024-06-04 12:07:13,end-inf-tt-r0.8-lay[41]-ind2
2024-06-04 12:09:00,start-inf-tt-r0.8-lay[41]-ind3
2024-06-04 12:15:14,end-inf-tt-r0.8-lay[41]-ind3
2024-06-04 12:17:00,start-inf-tt-r0.9-lay[41]-ind1
2024-06-04 12:23:14,end-inf-tt-r0.9-lay[41]-ind1
2024-06-04 12:25:00,start-inf-tt-r0.9-lay[41]-ind2
2024-06-04 12:31:14,end-inf-tt-r0.9-lay[41]-ind2
2024-06-04 12:33:00,start-inf-tt-r0.9-lay[41]-ind3
2024-06-04 12:39:13,end-inf-tt-r0.9-lay[41]-ind3
2024-06-04 16:17:00,start-inf-tt-r0.1-lay[35]-ind1
2024-06-04 16:23:07,end-inf-tt-r0.1-lay[35]-ind1
2024-06-04 16:25:01,start-inf-tt-r0.1-lay[35]-ind2
2024-06-04 16:31:08,end-inf-tt-r0.1-lay[35]-ind2
2024-06-04 16:33:00,start-inf-tt-r0.1-lay[35]-ind3
2024-06-04 16:39:08,end-inf-tt-r0.1-lay[35]-ind3
2024-06-04 16:41:00,start-inf-tt-r0.2-lay[35]-ind1
2024-06-04 16:47:11,end-inf-tt-r0.2-lay[35]-ind1
2024-06-04 16:49:00,start-inf-tt-r0.2-lay[35]-ind2
2024-06-04 16:55:10,end-inf-tt-r0.2-lay[35]-ind2
2024-06-04 16:57:00,start-inf-tt-r0.2-lay[35]-ind3
2024-06-04 17:03:11,end-inf-tt-r0.2-lay[35]-ind3
2024-06-04 17:05:00,start-inf-tt-r0.3-lay[35]-ind1
2024-06-04 17:11:12,end-inf-tt-r0.3-lay[35]-ind1
2024-06-04 17:13:00,start-inf-tt-r0.3-lay[35]-ind2
2024-06-04 17:19:13,end-inf-tt-r0.3-lay[35]-ind2
2024-06-04 17:21:00,start-inf-tt-r0.3-lay[35]-ind3
2024-06-04 17:27:12,end-inf-tt-r0.3-lay[35]-ind3
2024-06-04 17:29:00,start-inf-tt-r0.4-lay[35]-ind1
2024-06-04 17:35:18,end-inf-tt-r0.4-lay[35]-ind1
2024-06-04 17:37:00,start-inf-tt-r0.4-lay[35]-ind2
2024-06-04 17:43:19,end-inf-tt-r0.4-lay[35]-ind2
2024-06-04 17:45:00,start-inf-tt-r0.4-lay[35]-ind3
2024-06-04 17:51:18,end-inf-tt-r0.4-lay[35]-ind3
2024-06-04 17:53:00,start-inf-tt-r0.5-lay[35]-ind1
2024-06-04 17:59:18,end-inf-tt-r0.5-lay[35]-ind1
2024-06-04 18:01:00,start-inf-tt-r0.5-lay[35]-ind2
2024-06-04 18:07:18,end-inf-tt-r0.5-lay[35]-ind2
2024-06-04 18:09:00,start-inf-tt-r0.5-lay[35]-ind3
2024-06-04 18:15:17,end-inf-tt-r0.5-lay[35]-ind3
2024-06-04 18:17:00,start-inf-tt-r0.6-lay[35]-ind1
2024-06-04 18:23:18,end-inf-tt-r0.6-lay[35]-ind1
2024-06-04 18:25:00,start-inf-tt-r0.6-lay[35]-ind2
2024-06-04 18:31:19,end-inf-tt-r0.6-lay[35]-ind2
2024-06-04 18:33:00,start-inf-tt-r0.6-lay[35]-ind3
2024-06-04 18:39:18,end-inf-tt-r0.6-lay[35]-ind3
2024-06-04 18:41:00,start-inf-tt-r0.7-lay[35]-ind1
2024-06-04 18:47:18,end-inf-tt-r0.7-lay[35]-ind1
2024-06-04 18:49:00,start-inf-tt-r0.7-lay[35]-ind2
2024-06-04 18:55:19,end-inf-tt-r0.7-lay[35]-ind2
2024-06-04 18:57:00,start-inf-tt-r0.7-lay[35]-ind3
2024-06-04 19:03:18,end-inf-tt-r0.7-lay[35]-ind3
2024-06-04 19:05:00,start-inf-tt-r0.8-lay[35]-ind1
2024-06-04 19:11:18,end-inf-tt-r0.8-lay[35]-ind1
2024-06-04 19:13:01,start-inf-tt-r0.8-lay[35]-ind2
2024-06-04 19:19:19,end-inf-tt-r0.8-lay[35]-ind2
2024-06-04 19:21:00,start-inf-tt-r0.8-lay[35]-ind3
2024-06-04 19:27:18,end-inf-tt-r0.8-lay[35]-ind3
2024-06-04 19:29:00,start-inf-tt-r0.9-lay[35]-ind1
2024-06-04 19:35:19,end-inf-tt-r0.9-lay[35]-ind1
2024-06-04 19:37:00,start-inf-tt-r0.9-lay[35]-ind2
2024-06-04 19:43:19,end-inf-tt-r0.9-lay[35]-ind2
2024-06-04 19:45:00,start-inf-tt-r0.9-lay[35]-ind3
2024-06-04 19:51:19,end-inf-tt-r0.9-lay[35]-ind3
2024-06-04 19:53:00,start-inf-tt-r0.1-lay[28]-ind1
2024-06-04 19:59:09,end-inf-tt-r0.1-lay[28]-ind1
2024-06-04 20:01:00,start-inf-tt-r0.1-lay[28]-ind2
2024-06-04 20:07:09,end-inf-tt-r0.1-lay[28]-ind2
2024-06-04 20:09:00,start-inf-tt-r0.1-lay[28]-ind3
2024-06-04 20:15:09,end-inf-tt-r0.1-lay[28]-ind3
2024-06-04 20:17:00,start-inf-tt-r0.2-lay[28]-ind1
2024-06-04 20:23:05,end-inf-tt-r0.2-lay[28]-ind1
2024-06-04 20:25:00,start-inf-tt-r0.2-lay[28]-ind2
2024-06-04 20:31:05,end-inf-tt-r0.2-lay[28]-ind2
2024-06-04 20:33:00,start-inf-tt-r0.2-lay[28]-ind3
2024-06-04 20:39:05,end-inf-tt-r0.2-lay[28]-ind3
2024-06-04 20:41:00,start-inf-tt-r0.3-lay[28]-ind1
2024-06-04 20:47:11,end-inf-tt-r0.3-lay[28]-ind1
2024-06-04 20:49:00,start-inf-tt-r0.3-lay[28]-ind2
2024-06-04 20:55:11,end-inf-tt-r0.3-lay[28]-ind2
2024-06-04 20:57:00,start-inf-tt-r0.3-lay[28]-ind3
2024-06-04 21:03:12,end-inf-tt-r0.3-lay[28]-ind3
2024-06-04 21:05:00,start-inf-tt-r0.4-lay[28]-ind1
2024-06-04 21:11:12,end-inf-tt-r0.4-lay[28]-ind1
2024-06-04 21:13:00,start-inf-tt-r0.4-lay[28]-ind2
2024-06-04 21:19:12,end-inf-tt-r0.4-lay[28]-ind2
2024-06-04 21:21:00,start-inf-tt-r0.4-lay[28]-ind3
2024-06-04 21:27:12,end-inf-tt-r0.4-lay[28]-ind3
2024-06-04 21:29:00,start-inf-tt-r0.5-lay[28]-ind1
2024-06-04 21:35:12,end-inf-tt-r0.5-lay[28]-ind1
2024-06-04 21:37:00,start-inf-tt-r0.5-lay[28]-ind2
2024-06-04 21:43:12,end-inf-tt-r0.5-lay[28]-ind2
2024-06-04 21:45:01,start-inf-tt-r0.5-lay[28]-ind3
2024-06-04 21:51:12,end-inf-tt-r0.5-lay[28]-ind3
2024-06-04 21:53:00,start-inf-tt-r0.6-lay[28]-ind1
2024-06-04 21:59:12,end-inf-tt-r0.6-lay[28]-ind1
2024-06-04 22:01:00,start-inf-tt-r0.6-lay[28]-ind2
2024-06-04 22:07:12,end-inf-tt-r0.6-lay[28]-ind2
2024-06-04 22:09:00,start-inf-tt-r0.6-lay[28]-ind3
2024-06-04 22:15:12,end-inf-tt-r0.6-lay[28]-ind3
2024-06-04 22:17:00,start-inf-tt-r0.7-lay[28]-ind1
2024-06-04 22:23:12,end-inf-tt-r0.7-lay[28]-ind1
2024-06-04 22:25:00,start-inf-tt-r0.7-lay[28]-ind2
2024-06-04 22:31:13,end-inf-tt-r0.7-lay[28]-ind2
2024-06-04 22:33:00,start-inf-tt-r0.7-lay[28]-ind3
2024-06-04 22:39:13,end-inf-tt-r0.7-lay[28]-ind3
2024-06-04 22:41:00,start-inf-tt-r0.8-lay[28]-ind1
2024-06-04 22:47:13,end-inf-tt-r0.8-lay[28]-ind1
2024-06-04 22:49:00,start-inf-tt-r0.8-lay[28]-ind2
2024-06-04 22:55:13,end-inf-tt-r0.8-lay[28]-ind2
2024-06-04 22:57:00,start-inf-tt-r0.8-lay[28]-ind3
2024-06-04 23:03:13,end-inf-tt-r0.8-lay[28]-ind3
2024-06-04 23:05:00,start-inf-tt-r0.9-lay[28]-ind1
2024-06-04 23:11:14,end-inf-tt-r0.9-lay[28]-ind1
2024-06-04 23:13:00,start-inf-tt-r0.9-lay[28]-ind2
2024-06-04 23:19:14,end-inf-tt-r0.9-lay[28]-ind2
2024-06-04 23:21:00,start-inf-tt-r0.9-lay[28]-ind3
2024-06-04 23:27:13,end-inf-tt-r0.9-lay[28]-ind3
2024-06-04 23:29:00,start-inf-tt-r0.1-lay[25]-ind1
2024-06-04 23:35:15,end-inf-tt-r0.1-lay[25]-ind1
2024-06-04 23:37:00,start-inf-tt-r0.1-lay[25]-ind2
2024-06-04 23:43:13,end-inf-tt-r0.1-lay[25]-ind2
2024-06-04 23:45:00,start-inf-tt-r0.1-lay[25]-ind3
2024-06-04 23:51:14,end-inf-tt-r0.1-lay[25]-ind3
2024-06-04 23:53:00,start-inf-tt-r0.2-lay[25]-ind1
2024-06-04 23:59:13,end-inf-tt-r0.2-lay[25]-ind1
2024-06-05 00:01:00,start-inf-tt-r0.2-lay[25]-ind2
2024-06-05 00:07:14,end-inf-tt-r0.2-lay[25]-ind2
2024-06-05 00:09:00,start-inf-tt-r0.2-lay[25]-ind3
2024-06-05 00:15:14,end-inf-tt-r0.2-lay[25]-ind3
2024-06-05 00:17:00,start-inf-tt-r0.3-lay[25]-ind1
2024-06-05 00:23:15,end-inf-tt-r0.3-lay[25]-ind1
2024-06-05 00:25:00,start-inf-tt-r0.3-lay[25]-ind2
2024-06-05 00:31:14,end-inf-tt-r0.3-lay[25]-ind2
2024-06-05 00:33:00,start-inf-tt-r0.3-lay[25]-ind3
2024-06-05 00:39:14,end-inf-tt-r0.3-lay[25]-ind3
2024-06-05 00:41:00,start-inf-tt-r0.4-lay[25]-ind1
2024-06-05 00:47:14,end-inf-tt-r0.4-lay[25]-ind1
2024-06-05 00:49:00,start-inf-tt-r0.4-lay[25]-ind2
2024-06-05 00:55:15,end-inf-tt-r0.4-lay[25]-ind2
2024-06-05 00:57:00,start-inf-tt-r0.4-lay[25]-ind3
2024-06-05 01:03:15,end-inf-tt-r0.4-lay[25]-ind3
2024-06-05 01:05:00,start-inf-tt-r0.5-lay[25]-ind1
2024-06-05 01:11:14,end-inf-tt-r0.5-lay[25]-ind1
2024-06-05 01:13:00,start-inf-tt-r0.5-lay[25]-ind2
2024-06-05 01:19:15,end-inf-tt-r0.5-lay[25]-ind2
2024-06-05 01:21:00,start-inf-tt-r0.5-lay[25]-ind3
2024-06-05 01:27:14,end-inf-tt-r0.5-lay[25]-ind3
2024-06-05 01:29:00,start-inf-tt-r0.6-lay[25]-ind1
2024-06-05 01:35:16,end-inf-tt-r0.6-lay[25]-ind1
2024-06-05 01:37:00,start-inf-tt-r0.6-lay[25]-ind2
2024-06-05 01:43:14,end-inf-tt-r0.6-lay[25]-ind2
2024-06-05 01:45:00,start-inf-tt-r0.6-lay[25]-ind3
2024-06-05 01:51:14,end-inf-tt-r0.6-lay[25]-ind3
2024-06-05 01:53:00,start-inf-tt-r0.7-lay[25]-ind1
2024-06-05 01:59:15,end-inf-tt-r0.7-lay[25]-ind1
2024-06-05 02:01:00,start-inf-tt-r0.7-lay[25]-ind2
2024-06-05 02:07:15,end-inf-tt-r0.7-lay[25]-ind2
2024-06-05 02:09:00,start-inf-tt-r0.7-lay[25]-ind3
2024-06-05 02:15:15,end-inf-tt-r0.7-lay[25]-ind3
2024-06-05 02:17:00,start-inf-tt-r0.8-lay[25]-ind1
2024-06-05 02:23:15,end-inf-tt-r0.8-lay[25]-ind1
2024-06-05 02:25:00,start-inf-tt-r0.8-lay[25]-ind2
2024-06-05 02:31:15,end-inf-tt-r0.8-lay[25]-ind2
2024-06-05 02:33:00,start-inf-tt-r0.8-lay[25]-ind3
2024-06-05 02:39:15,end-inf-tt-r0.8-lay[25]-ind3
2024-06-05 02:41:00,start-inf-tt-r0.9-lay[25]-ind1
2024-06-05 02:47:16,end-inf-tt-r0.9-lay[25]-ind1
2024-06-05 02:49:00,start-inf-tt-r0.9-lay[25]-ind2
2024-06-05 02:55:15,end-inf-tt-r0.9-lay[25]-ind2
2024-06-05 02:57:00,start-inf-tt-r0.9-lay[25]-ind3
2024-06-05 03:03:16,end-inf-tt-r0.9-lay[25]-ind3
2024-06-05 06:41:00,start-inf-tt-r0.1-lay[19]-ind1
2024-06-05 06:47:10,end-inf-tt-r0.1-lay[19]-ind1
2024-06-05 06:49:01,start-inf-tt-r0.1-lay[19]-ind2
2024-06-05 06:55:11,end-inf-tt-r0.1-lay[19]-ind2
2024-06-05 06:57:00,start-inf-tt-r0.1-lay[19]-ind3
2024-06-05 07:03:11,end-inf-tt-r0.1-lay[19]-ind3
2024-06-05 07:05:00,start-inf-tt-r0.2-lay[19]-ind1
2024-06-05 07:11:14,end-inf-tt-r0.2-lay[19]-ind1
2024-06-05 07:13:00,start-inf-tt-r0.2-lay[19]-ind2
2024-06-05 07:19:13,end-inf-tt-r0.2-lay[19]-ind2
2024-06-05 07:21:00,start-inf-tt-r0.2-lay[19]-ind3
2024-06-05 07:27:13,end-inf-tt-r0.2-lay[19]-ind3
2024-06-05 07:29:00,start-inf-tt-r0.3-lay[19]-ind1
2024-06-05 07:35:14,end-inf-tt-r0.3-lay[19]-ind1
2024-06-05 07:37:00,start-inf-tt-r0.3-lay[19]-ind2
2024-06-05 07:43:15,end-inf-tt-r0.3-lay[19]-ind2
2024-06-05 07:45:00,start-inf-tt-r0.3-lay[19]-ind3
2024-06-05 07:51:15,end-inf-tt-r0.3-lay[19]-ind3
2024-06-05 07:53:00,start-inf-tt-r0.4-lay[19]-ind1
2024-06-05 07:59:20,end-inf-tt-r0.4-lay[19]-ind1
2024-06-05 08:01:00,start-inf-tt-r0.4-lay[19]-ind2
2024-06-05 08:07:20,end-inf-tt-r0.4-lay[19]-ind2
2024-06-05 08:09:00,start-inf-tt-r0.4-lay[19]-ind3
2024-06-05 08:15:20,end-inf-tt-r0.4-lay[19]-ind3
2024-06-05 08:17:00,start-inf-tt-r0.5-lay[19]-ind1
2024-06-05 08:23:20,end-inf-tt-r0.5-lay[19]-ind1
2024-06-05 08:25:00,start-inf-tt-r0.5-lay[19]-ind2
2024-06-05 08:31:21,end-inf-tt-r0.5-lay[19]-ind2
2024-06-05 08:33:00,start-inf-tt-r0.5-lay[19]-ind3
2024-06-05 08:39:21,end-inf-tt-r0.5-lay[19]-ind3
2024-06-05 08:41:00,start-inf-tt-r0.6-lay[19]-ind1
2024-06-05 08:47:21,end-inf-tt-r0.6-lay[19]-ind1
2024-06-05 08:49:00,start-inf-tt-r0.6-lay[19]-ind2
2024-06-05 08:55:20,end-inf-tt-r0.6-lay[19]-ind2
2024-06-05 08:57:00,start-inf-tt-r0.6-lay[19]-ind3
2024-06-05 09:03:21,end-inf-tt-r0.6-lay[19]-ind3
2024-06-05 09:05:00,start-inf-tt-r0.7-lay[19]-ind1
2024-06-05 09:11:21,end-inf-tt-r0.7-lay[19]-ind1
2024-06-05 09:13:00,start-inf-tt-r0.7-lay[19]-ind2
2024-06-05 09:19:20,end-inf-tt-r0.7-lay[19]-ind2
2024-06-05 09:21:00,start-inf-tt-r0.7-lay[19]-ind3
2024-06-05 09:27:21,end-inf-tt-r0.7-lay[19]-ind3
2024-06-05 09:29:00,start-inf-tt-r0.8-lay[19]-ind1
2024-06-05 09:35:21,end-inf-tt-r0.8-lay[19]-ind1
2024-06-05 09:37:00,start-inf-tt-r0.8-lay[19]-ind2
2024-06-05 09:43:21,end-inf-tt-r0.8-lay[19]-ind2
2024-06-05 09:45:00,start-inf-tt-r0.8-lay[19]-ind3
2024-06-05 09:51:21,end-inf-tt-r0.8-lay[19]-ind3
2024-06-05 09:53:00,start-inf-tt-r0.9-lay[19]-ind1
2024-06-05 09:59:22,end-inf-tt-r0.9-lay[19]-ind1
2024-06-05 10:01:00,start-inf-tt-r0.9-lay[19]-ind2
2024-06-05 10:07:23,end-inf-tt-r0.9-lay[19]-ind2
2024-06-05 10:09:00,start-inf-tt-r0.9-lay[19]-ind3
2024-06-05 10:15:21,end-inf-tt-r0.9-lay[19]-ind3
2024-06-05 13:53:00,start-inf-tt-r0.1-lay[6]-ind1
2024-06-05 13:59:16,end-inf-tt-r0.1-lay[6]-ind1
2024-06-05 14:01:00,start-inf-tt-r0.1-lay[6]-ind2
2024-06-05 14:07:16,end-inf-tt-r0.1-lay[6]-ind2
2024-06-05 14:09:00,start-inf-tt-r0.1-lay[6]-ind3
2024-06-05 14:15:16,end-inf-tt-r0.1-lay[6]-ind3
2024-06-05 14:17:01,start-inf-tt-r0.2-lay[6]-ind1
2024-06-05 14:23:21,end-inf-tt-r0.2-lay[6]-ind1
2024-06-05 14:25:00,start-inf-tt-r0.2-lay[6]-ind2
2024-06-05 14:31:20,end-inf-tt-r0.2-lay[6]-ind2
2024-06-05 14:33:01,start-inf-tt-r0.2-lay[6]-ind3
2024-06-05 14:39:21,end-inf-tt-r0.2-lay[6]-ind3
2024-06-05 14:41:00,start-inf-tt-r0.3-lay[6]-ind1
2024-06-05 14:47:18,end-inf-tt-r0.3-lay[6]-ind1
2024-06-05 14:49:01,start-inf-tt-r0.3-lay[6]-ind2
2024-06-05 14:55:19,end-inf-tt-r0.3-lay[6]-ind2
2024-06-05 14:57:00,start-inf-tt-r0.3-lay[6]-ind3
2024-06-05 15:03:18,end-inf-tt-r0.3-lay[6]-ind3
2024-06-05 15:05:00,start-inf-tt-r0.4-lay[6]-ind1
2024-06-05 15:11:26,end-inf-tt-r0.4-lay[6]-ind1
2024-06-05 15:13:00,start-inf-tt-r0.4-lay[6]-ind2
2024-06-05 15:19:26,end-inf-tt-r0.4-lay[6]-ind2
2024-06-05 15:21:00,start-inf-tt-r0.4-lay[6]-ind3
2024-06-05 15:27:27,end-inf-tt-r0.4-lay[6]-ind3
2024-06-05 15:29:00,start-inf-tt-r0.5-lay[6]-ind1
2024-06-05 15:35:28,end-inf-tt-r0.5-lay[6]-ind1
2024-06-05 15:37:00,start-inf-tt-r0.5-lay[6]-ind2
2024-06-05 15:43:28,end-inf-tt-r0.5-lay[6]-ind2
2024-06-05 15:45:00,start-inf-tt-r0.5-lay[6]-ind3
2024-06-05 15:51:28,end-inf-tt-r0.5-lay[6]-ind3
2024-06-05 15:53:00,start-inf-tt-r0.6-lay[6]-ind1
2024-06-05 15:59:28,end-inf-tt-r0.6-lay[6]-ind1
2024-06-05 16:01:00,start-inf-tt-r0.6-lay[6]-ind2
2024-06-05 16:07:28,end-inf-tt-r0.6-lay[6]-ind2
2024-06-05 16:09:00,start-inf-tt-r0.6-lay[6]-ind3
2024-06-05 16:15:29,end-inf-tt-r0.6-lay[6]-ind3
2024-06-05 16:17:00,start-inf-tt-r0.7-lay[6]-ind1
2024-06-05 16:23:30,end-inf-tt-r0.7-lay[6]-ind1
2024-06-05 16:25:00,start-inf-tt-r0.7-lay[6]-ind2
2024-06-05 16:31:29,end-inf-tt-r0.7-lay[6]-ind2
2024-06-05 16:33:00,start-inf-tt-r0.7-lay[6]-ind3
2024-06-05 16:39:30,end-inf-tt-r0.7-lay[6]-ind3
2024-06-05 16:41:00,start-inf-tt-r0.8-lay[6]-ind1
2024-06-05 16:47:30,end-inf-tt-r0.8-lay[6]-ind1
2024-06-05 16:49:00,start-inf-tt-r0.8-lay[6]-ind2
2024-06-05 16:55:31,end-inf-tt-r0.8-lay[6]-ind2
2024-06-05 16:57:00,start-inf-tt-r0.8-lay[6]-ind3
2024-06-05 17:03:30,end-inf-tt-r0.8-lay[6]-ind3
2024-06-05 17:05:00,start-inf-tt-r0.9-lay[6]-ind1
2024-06-05 17:11:31,end-inf-tt-r0.9-lay[6]-ind1
2024-06-05 17:13:00,start-inf-tt-r0.9-lay[6]-ind2
2024-06-05 17:19:31,end-inf-tt-r0.9-lay[6]-ind2
2024-06-05 17:21:00,start-inf-tt-r0.9-lay[6]-ind3
2024-06-05 17:27:31,end-inf-tt-r0.9-lay[6]-ind3
2024-06-07 12:05:00,start-inf-base-cif-ind1
2024-06-07 12:11:05,end-inf-base-cif-ind1
2024-06-07 12:13:00,start-inf-base-cif-ind2
2024-06-07 12:19:06,end-inf-base-cif-ind2
2024-06-07 12:21:00,start-inf-base-cif-ind3
2024-06-07 12:27:06,end-inf-base-cif-ind3
